I,time,atemp,cad,hr,lat,lon
0,2020-05-03T17:44:37.000Z,,,,43.71465685777366161346435546875,-79.35865290462970733642578125
1,2020-05-03T17:49:25.000Z,29.0,90,145,43.71466423384845256805419921875,-79.35873429290950298309326171875
2,2020-05-03T17:49:28.000Z,29.0,89,146,43.71464378200471401214599609375,-79.35885935090482234954833984375
3,2020-05-03T17:49:32.000Z,29.0,89,143,43.71462970040738582611083984375,-79.3589219637215137481689453125
4,2020-05-03T17:49:34.000Z,29.0,88,141,43.7145692668855190277099609375,-79.35916126705706119537353515625
5,2020-05-03T17:49:43.000Z,29.0,92,140,43.7145660817623138427734375,-79.3592508696019649505615234375
6,2020-05-03T17:49:47.000Z,29.0,90,141,43.71456616558134555816650390625,-79.35932789929211139678955078125
7,2020-05-03T17:49:50.000Z,29.0,90,142,43.714638836681842803955078125,-79.35942160896956920623779296875
8,2020-05-03T17:49:54.000Z,29.0,91,145,43.7147835083305835723876953125,-79.3596022389829158782958984375
9,2020-05-03T17:50:00.000Z,29.0,84,147,43.71486187912523746490478515625,-79.3596991337835788726806640625
10,2020-05-03T17:50:05.000Z,29.0,94,148,43.71502675116062164306640625,-79.3597961962223052978515625
11,2020-05-03T17:50:13.000Z,29.0,90,149,43.71519933454692363739013671875,-79.35989074409008026123046875
12,2020-05-03T17:50:20.000Z,29.0,92,148,43.71537770144641399383544921875,-79.359944723546504974365234375
13,2020-05-03T17:50:28.000Z,29.0,90,147,43.71542036533355712890625,-79.35995738022029399871826171875
14,2020-05-03T17:50:30.000Z,29.0,91,148,43.71560418047010898590087890625,-79.36004539020359516143798828125
15,2020-05-03T17:50:38.000Z,29.0,94,147,43.71579377911984920501708984375,-79.36014287173748016357421875
16,2020-05-03T17:50:46.000Z,29.0,94,148,43.7159915082156658172607421875,-79.36017447151243686676025390625
17,2020-05-03T17:50:55.000Z,29.0,94,147,43.7160441465675830841064453125,-79.36014111153781414031982421875
18,2020-05-03T17:50:58.000Z,29.0,95,147,43.71608479879796504974365234375,-79.359999038279056549072265625
19,2020-05-03T17:51:05.000Z,29.0,95,149,43.71605931781232357025146484375,-79.360027872025966644287109375
20,2020-05-03T17:51:07.000Z,29.0,95,148,43.7160669453442096710205078125,-79.35998596251010894775390625
21,2020-05-03T17:51:09.000Z,29.0,95,148,43.716059736907482147216796875,-79.3599210865795612335205078125
22,2020-05-03T17:51:13.000Z,29.0,92,149,43.7160183303058147430419921875,-79.3598806858062744140625
23,2020-05-03T17:51:21.000Z,29.0,93,149,43.71603190898895263671875,-79.3597876466810703277587890625
24,2020-05-03T17:51:24.000Z,29.0,94,149,43.71594146825373172760009765625,-79.35974464751780033111572265625
25,2020-05-03T17:51:31.000Z,29.0,94,146,43.715911209583282470703125,-79.35975973494350910186767578125
26,2020-05-03T17:51:33.000Z,29.0,93,146,43.7159549631178379058837890625,-79.359529651701450347900390625
27,2020-05-03T17:51:37.000Z,29.0,93,148,43.71602981351315975189208984375,-79.35928523540496826171875
28,2020-05-03T17:51:42.000Z,29.0,94,146,43.716061748564243316650390625,-79.35919915325939655303955078125
29,2020-05-03T17:51:45.000Z,29.0,94,145,43.71609519235789775848388671875,-79.35916654765605926513671875
30,2020-05-03T17:51:48.000Z,29.0,96,142,43.716101981699466705322265625,-79.3591486103832721710205078125
31,2020-05-03T17:51:49.000Z,29.0,96,137,43.7161185778677463531494140625,-79.35911449603736400604248046875
32,2020-05-03T17:51:51.000Z,29.0,91,134,43.71616090647876262664794921875,-79.35893629677593708038330078125
33,2020-05-03T17:51:54.000Z,29.0,93,132,43.71627842076122760772705078125,-79.358553998172283172607421875
34,2020-05-03T17:51:58.000Z,29.0,92,132,43.7162513472139835357666015625,-79.3583037145435810089111328125
35,2020-05-03T17:52:05.000Z,29.0,93,131,43.7162523530423641204833984375,-79.35828183777630329132080078125
36,2020-05-03T17:52:06.000Z,29.0,93,131,43.7162168137729167938232421875,-79.35810497961938381195068359375
37,2020-05-03T17:52:12.000Z,29.0,93,132,43.71621421538293361663818359375,-79.35804043896496295928955078125
38,2020-05-03T17:52:15.000Z,29.0,93,130,43.71620683930814266204833984375,-79.35800540260970592498779296875
39,2020-05-03T17:52:17.000Z,29.0,93,131,43.716202564537525177001953125,-79.3579669296741485595703125
40,2020-05-03T17:52:19.000Z,29.0,94,131,43.7162049114704132080078125,-79.35792795382440090179443359375
41,2020-05-03T17:52:21.000Z,29.0,93,131,43.7161915004253387451171875,-79.35787464492022991180419921875
42,2020-05-03T17:52:23.000Z,29.0,93,131,43.71611899696290493011474609375,-79.357644058763980865478515625
43,2020-05-03T17:52:29.000Z,29.0,91,129,43.71605847962200641632080078125,-79.35739385895431041717529296875
44,2020-05-03T17:52:35.000Z,29.0,94,130,43.71604062616825103759765625,-79.35715111903846263885498046875
45,2020-05-03T17:52:42.000Z,29.0,92,132,43.7160421349108219146728515625,-79.35711725614964962005615234375
46,2020-05-03T17:52:43.000Z,29.0,92,132,43.71604322455823421478271484375,-79.357067048549652099609375
47,2020-05-03T17:52:44.000Z,29.0,92,133,43.716053031384944915771484375,-79.35689270496368408203125
48,2020-05-03T17:52:49.000Z,29.0,95,135,43.7160424701869487762451171875,-79.35669883154332637786865234375
49,2020-05-03T17:52:55.000Z,29.0,94,138,43.7160280533134937286376953125,-79.35657125897705554962158203125
50,2020-05-03T17:52:59.000Z,29.0,93,139,43.71607976965606212615966796875,-79.3563079833984375
51,2020-05-03T17:53:07.000Z,29.0,88,139,43.71610944159328937530517578125,-79.356047809123992919921875
52,2020-05-03T17:53:15.000Z,29.0,93,138,43.71612670831382274627685546875,-79.35596172697842121124267578125
53,2020-05-03T17:53:18.000Z,29.0,93,138,43.71618336997926235198974609375,-79.35577682219445705413818359375
54,2020-05-03T17:53:24.000Z,29.0,93,138,43.7162446416914463043212890625,-79.35562829487025737762451171875
55,2020-05-03T17:53:29.000Z,29.0,92,138,43.71625008992850780487060546875,-79.35545931570231914520263671875
56,2020-05-03T17:53:34.000Z,29.0,94,141,43.716360814869403839111328125,-79.35530458576977252960205078125
57,2020-05-03T17:53:40.000Z,29.0,94,140,43.71652116067707538604736328125,-79.35529218055307865142822265625
58,2020-05-03T17:53:45.000Z,29.0,95,139,43.7167006172239780426025390625,-79.35534968040883541107177734375
59,2020-05-03T17:53:52.000Z,29.0,92,141,43.7168300338089466094970703125,-79.35540181584656238555908203125
60,2020-05-03T17:53:58.000Z,29.0,92,139,43.71697671711444854736328125,-79.3555293045938014984130859375
61,2020-05-03T17:54:07.000Z,29.0,91,141,43.71700529940426349639892578125,-79.35578520409762859344482421875
62,2020-05-03T17:54:17.000Z,29.0,93,143,43.716961629688739776611328125,-79.35602970421314239501953125
63,2020-05-03T17:54:26.000Z,28.0,90,140,43.71694779954850673675537109375,-79.35622056014835834503173828125
64,2020-05-03T17:54:34.000Z,28.0,92,143,43.7169497273862361907958984375,-79.35641862452030181884765625
65,2020-05-03T17:54:42.000Z,28.0,91,140,43.716945536434650421142578125,-79.35648391954600811004638671875
66,2020-05-03T17:54:44.000Z,28.0,91,140,43.71694293804466724395751953125,-79.356657676398754119873046875
67,2020-05-03T17:54:50.000Z,28.0,92,137,43.716922067105770111083984375,-79.35691961087286472320556640625
68,2020-05-03T17:54:58.000Z,28.0,95,136,43.71692441403865814208984375,-79.3569498695433139801025390625
69,2020-05-03T17:54:59.000Z,28.0,92,132,43.71694226749241352081298828125,-79.3572056852281093597412109375
70,2020-05-03T17:55:08.000Z,28.0,91,132,43.71698400937020778656005859375,-79.3574008159339427947998046875
71,2020-05-03T17:55:15.000Z,28.0,94,133,43.7170141004025936126708984375,-79.35760273598134517669677734375
72,2020-05-03T17:55:22.000Z,28.0,91,133,43.71708677150309085845947265625,-79.357831813395023345947265625
73,2020-05-03T17:55:31.000Z,28.0,95,133,43.71713169850409030914306640625,-79.35808687470853328704833984375
74,2020-05-03T17:55:39.000Z,28.0,93,135,43.717134296894073486328125,-79.35811688192188739776611328125
75,2020-05-03T17:55:40.000Z,28.0,93,135,43.71714703738689422607421875,-79.3583154492080211639404296875
76,2020-05-03T17:55:47.000Z,28.0,89,132,43.717150725424289703369140625,-79.35834688134491443634033203125
77,2020-05-03T17:55:48.000Z,28.0,90,131,43.7171599455177783966064453125,-79.35840454883873462677001953125
78,2020-05-03T17:55:50.000Z,28.0,92,134,43.71717293746769428253173828125,-79.3585719354450702667236328125
79,2020-05-03T17:55:55.000Z,28.0,91,133,43.71718727052211761474609375,-79.358836971223354339599609375
80,2020-05-03T17:56:03.000Z,28.0,89,132,43.71729413978755474090576171875,-79.35903553850948810577392578125
81,2020-05-03T17:56:12.000Z,28.0,90,134,43.71742422692477703094482421875,-79.3592334352433681488037109375
82,2020-05-03T17:56:21.000Z,28.0,91,135,43.7175069563090801239013671875,-79.3593214452266693115234375
83,2020-05-03T17:56:26.000Z,28.0,95,138,43.71766378171741962432861328125,-79.359494782984256744384765625
84,2020-05-03T17:56:35.000Z,28.0,91,139,43.7177523784339427947998046875,-79.35959897004067897796630859375
85,2020-05-03T17:56:40.000Z,28.0,92,136,43.71791104786098003387451171875,-79.3597403727471828460693359375
86,2020-05-03T17:56:48.000Z,28.0,94,135,43.71800106950104236602783203125,-79.3598091043531894683837890625
87,2020-05-03T17:56:53.000Z,28.0,94,136,43.71816451661288738250732421875,-79.3597172386944293975830078125
88,2020-05-03T17:57:02.000Z,28.0,96,133,43.71818580664694309234619140625,-79.35966133140027523040771484375
89,2020-05-03T17:57:05.000Z,28.0,96,134,43.7181936018168926239013671875,-79.35958907939493656158447265625
90,2020-05-03T17:57:08.000Z,28.0,101,134,43.71825269423425197601318359375,-79.35944080352783203125
91,2020-05-03T17:57:15.000Z,28.0,94,131,43.71826191432774066925048828125,-79.3594218604266643524169921875
92,2020-05-03T17:57:16.000Z,28.0,94,130,43.71833165176212787628173828125,-79.359329827129840850830078125
93,2020-05-03T17:57:21.000Z,28.0,93,129,43.71836249716579914093017578125,-79.3592733331024646759033203125
94,2020-05-03T17:57:24.000Z,28.0,92,130,43.71838814578950405120849609375,-79.35924240387976169586181640625
95,2020-05-03T17:57:26.000Z,28.0,94,129,43.7184789218008518218994140625,-79.35916847549378871917724609375
96,2020-05-03T17:57:32.000Z,28.0,93,129,43.71850213967263698577880859375,-79.359137713909149169921875
97,2020-05-03T17:57:34.000Z,28.0,94,129,43.71857003308832645416259765625,-79.35905280523002147674560546875
98,2020-05-03T17:57:39.000Z,28.0,92,128,43.71860272251069545745849609375,-79.3590396456420421600341796875
99,2020-05-03T17:57:40.000Z,28.0,94,127,43.7186804227530956268310546875,-79.35902145691215991973876953125
100,2020-05-03T17:57:42.000Z,28.0,94,127,43.71879533864557743072509765625,-79.35900251381099224090576171875
101,2020-05-03T17:57:46.000Z,28.0,91,127,43.718936406075954437255859375,-79.35898558236658573150634765625
102,2020-05-03T17:57:51.000Z,28.0,93,124,43.7190388329327106475830078125,-79.35895825736224651336669921875
103,2020-05-03T17:57:55.000Z,28.0,92,125,43.7190485559403896331787109375,-79.358944259583950042724609375
104,2020-05-03T17:57:56.000Z,28.0,92,126,43.71912307105958461761474609375,-79.35885499231517314910888671875
105,2020-05-03T17:58:00.000Z,28.0,97,125,43.71921502053737640380859375,-79.35877905227243900299072265625
106,2020-05-03T17:58:04.000Z,28.0,96,126,43.71927964501082897186279296875,-79.35871786437928676605224609375
107,2020-05-03T17:58:08.000Z,28.0,91,129,43.719286434352397918701171875,-79.35870026238262653350830078125
108,2020-05-03T17:58:09.000Z,28.0,89,129,43.71928702108561992645263671875,-79.3586788885295391082763671875
109,2020-05-03T17:58:10.000Z,28.0,89,129,43.7193415872752666473388671875,-79.35859481804072856903076171875
110,2020-05-03T17:58:14.000Z,28.0,86,127,43.7193653918802738189697265625,-79.358560033142566680908203125
111,2020-05-03T17:58:17.000Z,28.0,86,127,43.7193724326789379119873046875,-79.3585357256233692169189453125
112,2020-05-03T17:58:19.000Z,28.0,86,127,43.719376958906650543212890625,-79.35852088965475559234619140625
113,2020-05-03T17:58:20.000Z,28.0,65,127,43.71939430944621562957763671875,-79.3584569357335567474365234375
114,2020-05-03T17:58:23.000Z,28.0,65,127,43.7193989194929599761962890625,-79.358364902436733245849609375
115,2020-05-03T17:58:27.000Z,28.0,96,127,43.71940470300614833831787109375,-79.3583426065742969512939453125
116,2020-05-03T17:58:28.000Z,28.0,97,128,43.71942012570798397064208984375,-79.35829189606010913848876953125
117,2020-05-03T17:58:30.000Z,28.0,97,128,43.71941358782351016998291015625,-79.35826540924608707427978515625
118,2020-05-03T17:58:31.000Z,28.0,97,124,43.7194240652024745941162109375,-79.35823774896562099456787109375
119,2020-05-03T17:58:32.000Z,28.0,95,124,43.71944007463753223419189453125,-79.3580988608300685882568359375
120,2020-05-03T17:58:38.000Z,28.0,95,123,43.71937461197376251220703125,-79.3580098450183868408203125
121,2020-05-03T17:58:44.000Z,28.0,96,125,43.71937603689730167388916015625,-79.3579924106597900390625
122,2020-05-03T17:58:45.000Z,28.0,94,126,43.719371259212493896484375,-79.35795418918132781982421875
123,2020-05-03T17:58:47.000Z,28.0,93,126,43.71926120482385158538818359375,-79.35786508955061435699462890625
124,2020-05-03T17:58:52.000Z,28.0,94,125,43.719084598124027252197265625,-79.35779401101171970367431640625
125,2020-05-03T17:59:02.000Z,28.0,88,125,43.719054758548736572265625,-79.3577639199793338775634765625
126,2020-05-03T17:59:04.000Z,28.0,87,125,43.71887412853538990020751953125,-79.35763106681406497955322265625
127,2020-05-03T17:59:13.000Z,28.0,90,124,43.71884060092270374298095703125,-79.35755361802875995635986328125
128,2020-05-03T17:59:16.000Z,28.0,90,125,43.71881143189966678619384765625,-79.3574762530624866485595703125
129,2020-05-03T17:59:19.000Z,28.0,91,125,43.7187317200005054473876953125,-79.3573057651519775390625
130,2020-05-03T17:59:24.000Z,28.0,91,126,43.71863440610468387603759765625,-79.35707844793796539306640625
131,2020-05-03T17:59:32.000Z,28.0,92,129,43.71856852434575557708740234375,-79.356844425201416015625
132,2020-05-03T17:59:41.000Z,28.0,92,131,43.71852024458348751068115234375,-79.3567057885229587554931640625
133,2020-05-03T17:59:46.000Z,28.0,89,131,43.71849459595978260040283203125,-79.35663009993731975555419921875
134,2020-05-03T17:59:49.000Z,28.0,92,132,43.7185101024806499481201171875,-79.35651442967355251312255859375
135,2020-05-03T17:59:54.000Z,28.0,93,132,43.718527369201183319091796875,-79.3562350608408451080322265625
136,2020-05-03T18:00:03.000Z,28.0,93,131,43.7185231782495975494384765625,-79.35612467117607593536376953125
137,2020-05-03T18:00:07.000Z,28.0,86,132,43.71855276636779308319091796875,-79.35608443804085254669189453125
138,2020-05-03T18:00:09.000Z,28.0,85,132,43.71862267144024372100830078125,-79.35598754324018955230712890625
139,2020-05-03T18:00:14.000Z,28.0,86,132,43.71873716823756694793701171875,-79.35574279166758060455322265625
140,2020-05-03T18:00:25.000Z,28.0,89,132,43.71872015297412872314453125,-79.3555983714759349822998046875
141,2020-05-03T18:00:30.000Z,28.0,91,132,43.71874689124524593353271484375,-79.35552544891834259033203125
142,2020-05-03T18:00:33.000Z,28.0,90,133,43.7188705243170261383056640625,-79.35533476062119007110595703125
143,2020-05-03T18:00:42.000Z,28.0,88,135,43.718934394419193267822265625,-79.355146586894989013671875
144,2020-05-03T18:00:50.000Z,28.0,89,132,43.7189488112926483154296875,-79.3551330082118511199951171875
145,2020-05-03T18:00:51.000Z,28.0,87,133,43.718988038599491119384765625,-79.35508699156343936920166015625
146,2020-05-03T18:00:54.000Z,28.0,86,133,43.71900103054940700531005859375,-79.35506008565425872802734375
147,2020-05-03T18:00:55.000Z,28.0,86,134,43.7190123461186885833740234375,-79.355039298534393310546875
148,2020-05-03T18:00:56.000Z,28.0,89,135,43.719014190137386322021484375,-79.35495941899716854095458984375
149,2020-05-03T18:00:59.000Z,28.0,88,135,43.71902751736342906951904296875,-79.354867972433567047119140625
150,2020-05-03T18:01:02.000Z,28.0,90,134,43.71908719651401042938232421875,-79.35477032326161861419677734375
151,2020-05-03T18:01:06.000Z,28.0,90,133,43.7192205525934696197509765625,-79.35475272126495838165283203125
152,2020-05-03T18:01:10.000Z,28.0,89,134,43.71930931694805622100830078125,-79.354791529476642608642578125
153,2020-05-03T18:01:15.000Z,28.0,59,132,43.71933278627693653106689453125,-79.35480938293039798736572265625
154,2020-05-03T18:01:17.000Z,28.0,59,131,43.71937368996441364288330078125,-79.354870654642581939697265625
155,2020-05-03T18:01:21.000Z,28.0,61,130,43.7193895317614078521728515625,-79.354885406792163848876953125
156,2020-05-03T18:01:22.000Z,28.0,61,130,43.71954535134136676788330078125,-79.354913234710693359375
157,2020-05-03T18:01:30.000Z,28.0,92,130,43.71960134245455265045166015625,-79.35493326745927333831787109375
158,2020-05-03T18:01:33.000Z,28.0,91,129,43.71964056976139545440673828125,-79.354947768151760101318359375
159,2020-05-03T18:01:35.000Z,28.0,94,125,43.719660602509975433349609375,-79.354954473674297332763671875
160,2020-05-03T18:01:36.000Z,28.0,94,125,43.71976294554769992828369140625,-79.35496478341519832611083984375
161,2020-05-03T18:01:40.000Z,28.0,92,131,43.71978758834302425384521484375,-79.35496059246361255645751953125
162,2020-05-03T18:01:41.000Z,28.0,91,131,43.7199169211089611053466796875,-79.35500384308397769927978515625
163,2020-05-03T18:01:46.000Z,28.0,90,125,43.72009654529392719268798828125,-79.354961849749088287353515625
164,2020-05-03T18:01:53.000Z,28.0,91,125,43.7202431447803974151611328125,-79.35485330410301685333251953125
165,2020-05-03T18:02:00.000Z,27.0,90,124,43.72036828659474849700927734375,-79.3546544015407562255859375
166,2020-05-03T18:02:08.000Z,28.0,91,125,43.7204030714929103851318359375,-79.354512579739093780517578125
167,2020-05-03T18:02:13.000Z,28.0,94,126,43.72047297656536102294921875,-79.35443580150604248046875
168,2020-05-03T18:02:17.000Z,28.0,94,129,43.7204932607710361480712890625,-79.3543995916843414306640625
169,2020-05-03T18:02:19.000Z,28.0,94,132,43.720501475036144256591796875,-79.3543840013444423675537109375
170,2020-05-03T18:02:20.000Z,28.0,93,132,43.72060817666351795196533203125,-79.35429641045629978179931640625
171,2020-05-03T18:02:26.000Z,28.0,96,129,43.72078168205916881561279296875,-79.35415425337851047515869140625
172,2020-05-03T18:02:36.000Z,28.0,93,131,43.72091126628220081329345703125,-79.354132711887359619140625
173,2020-05-03T18:02:41.000Z,28.0,91,128,43.7209227494895458221435546875,-79.35411770828068256378173828125
174,2020-05-03T18:02:42.000Z,28.0,90,130,43.72094965539872646331787109375,-79.353972785174846649169921875
175,2020-05-03T18:02:47.000Z,28.0,89,131,43.72096474282443523406982421875,-79.3539233319461345672607421875
176,2020-05-03T18:02:50.000Z,27.0,84,128,43.720991648733615875244140625,-79.353851415216922760009765625
177,2020-05-03T18:02:52.000Z,27.0,92,128,43.721028864383697509765625,-79.35368754900991916656494140625
178,2020-05-03T18:02:59.000Z,27.0,91,131,43.721130788326263427734375,-79.35343843884766101837158203125
179,2020-05-03T18:03:07.000Z,27.0,89,129,43.72115920297801494598388671875,-79.35334372334182262420654296875
180,2020-05-03T18:03:10.000Z,27.0,88,134,43.7211577780544757843017578125,-79.35311322100460529327392578125
181,2020-05-03T18:03:16.000Z,27.0,92,131,43.7211577780544757843017578125,-79.35311322100460529327392578125
182,2020-05-03T18:03:17.000Z,27.0,92,128,43.72116087935864925384521484375,-79.35308572836220264434814453125
183,2020-05-03T18:03:18.000Z,27.0,91,128,43.7212429381906986236572265625,-79.35293150134384632110595703125
184,2020-05-03T18:03:24.000Z,27.0,92,131,43.7212070636451244354248046875,-79.35275447554886341094970703125
185,2020-05-03T18:03:28.000Z,27.0,90,133,43.721199519932270050048828125,-79.35268742032349109649658203125
186,2020-05-03T18:03:32.000Z,27.0,93,134,43.721137829124927520751953125,-79.35254459269344806671142578125
187,2020-05-03T18:03:38.000Z,27.0,91,131,43.72103464789688587188720703125,-79.35244618915021419525146484375
188,2020-05-03T18:03:43.000Z,27.0,92,131,43.72101805172860622406005859375,-79.3524199537932872772216796875
189,2020-05-03T18:03:45.000Z,27.0,93,132,43.72091419994831085205078125,-79.35228676535189151763916015625
190,2020-05-03T18:03:51.000Z,27.0,91,135,43.72087455354630947113037109375,-79.35224787332117557525634765625
191,2020-05-03T18:03:55.000Z,27.0,88,132,43.72069434262812137603759765625,-79.352119378745555877685546875
192,2020-05-03T18:04:03.000Z,27.0,91,132,43.7206354178488254547119140625,-79.35210336931049823760986328125
193,2020-05-03T18:04:05.000Z,27.0,92,133,43.7204899080097675323486328125,-79.3520447798073291778564453125
194,2020-05-03T18:04:10.000Z,27.0,92,133,43.72042377479374408721923828125,-79.352055005729198455810546875
195,2020-05-03T18:04:13.000Z,27.0,93,133,43.72023400850594043731689453125,-79.35214846394956111907958984375
196,2020-05-03T18:04:22.000Z,27.0,88,131,43.720212467014789581298828125,-79.352160282433032989501953125
197,2020-05-03T18:04:24.000Z,27.0,87,131,43.72013904154300689697265625,-79.3521879427134990692138671875
198,2020-05-03T18:04:27.000Z,27.0,87,128,43.71996377594769001007080078125,-79.3522985838353633880615234375
199,2020-05-03T18:04:35.000Z,28.0,88,130,43.7198377959430217742919921875,-79.35239531099796295166015625
200,2020-05-03T18:04:42.000Z,28.0,88,130,43.7196751870214939117431640625,-79.35243562795221805572509765625
201,2020-05-03T18:04:50.000Z,28.0,85,133,43.7195281684398651123046875,-79.3524598516523838043212890625
202,2020-05-03T18:04:57.000Z,28.0,90,129,43.719398081302642822265625,-79.35250125825405120849609375
203,2020-05-03T18:05:03.000Z,28.0,89,129,43.7192342989146709442138671875,-79.3526278249919414520263671875
204,2020-05-03T18:05:12.000Z,28.0,92,129,43.7191424332559108734130859375,-79.35267786495387554168701171875
205,2020-05-03T18:05:17.000Z,28.0,88,125,43.71902047656476497650146484375,-79.35277610085904598236083984375
206,2020-05-03T18:05:25.000Z,28.0,85,127,43.71900388039648532867431640625,-79.3527840636670589447021484375
207,2020-05-03T18:05:26.000Z,28.0,85,127,43.718965910375118255615234375,-79.352808035910129547119140625
208,2020-05-03T18:05:28.000Z,28.0,86,127,43.7189233303070068359375,-79.35283519327640533447265625
209,2020-05-03T18:05:30.000Z,28.0,86,124,43.7187776528298854827880859375,-79.3528296612203121185302734375
210,2020-05-03T18:05:39.000Z,29.0,88,121,43.7187219969928264617919921875,-79.35278180055320262908935546875
211,2020-05-03T18:05:43.000Z,29.0,85,118,43.71866541914641857147216796875,-79.3527352809906005859375
212,2020-05-03T18:05:47.000Z,29.0,88,114,43.71864530257880687713623046875,-79.35271457768976688385009765625
213,2020-05-03T18:05:48.000Z,29.0,88,110,43.71862535364925861358642578125,-79.35269437730312347412109375
214,2020-05-03T18:05:49.000Z,29.0,89,113,43.7184618227183818817138671875,-79.35259086079895496368408203125
215,2020-05-03T18:05:57.000Z,29.0,90,112,43.71828027069568634033203125,-79.3525238893926143646240234375
216,2020-05-03T18:06:07.000Z,29.0,91,113,43.7181885726749897003173828125,-79.35252162627875804901123046875
217,2020-05-03T18:06:11.000Z,29.0,91,115,43.7181775085628032684326171875,-79.35253704898059368133544921875
218,2020-05-03T18:06:12.000Z,29.0,91,118,43.7181647680699825286865234375,-79.3525497056543827056884765625
219,2020-05-03T18:06:13.000Z,29.0,93,122,43.71814616024494171142578125,-79.3525622785091400146484375
220,2020-05-03T18:06:14.000Z,29.0,93,127,43.71812059544026851654052734375,-79.35256772674620151519775390625
221,2020-05-03T18:06:15.000Z,29.0,93,131,43.71793636120855808258056640625,-79.35258834622800350189208984375
222,2020-05-03T18:06:23.000Z,29.0,92,132,43.71787148527801036834716796875,-79.35259136371314525604248046875
223,2020-05-03T18:06:26.000Z,29.0,90,133,43.71767501346766948699951171875,-79.35248650610446929931640625
224,2020-05-03T18:06:36.000Z,29.0,86,133,43.7175599299371242523193359375,-79.352424144744873046875
225,2020-05-03T18:06:42.000Z,29.0,91,129,43.71738114394247531890869140625,-79.35233362019062042236328125
226,2020-05-03T18:06:50.000Z,29.0,87,130,43.71730587445199489593505859375,-79.3523106537759304046630859375
227,2020-05-03T18:06:53.000Z,29.0,88,133,43.7172850035130977630615234375,-79.3523160181939601898193359375
228,2020-05-03T18:06:54.000Z,29.0,89,138,43.71726178564131259918212890625,-79.3523143418133258819580078125
229,2020-05-03T18:06:55.000Z,29.0,89,142,43.71723798103630542755126953125,-79.35231727547943592071533203125
230,2020-05-03T18:06:56.000Z,29.0,88,147,43.7172162719070911407470703125,-79.352323897182941436767578125
231,2020-05-03T18:06:57.000Z,29.0,88,145,43.71719540096819400787353515625,-79.35233152471482753753662109375
232,2020-05-03T18:06:58.000Z,29.0,88,140,43.71717193163931369781494140625,-79.3523334525525569915771484375
233,2020-05-03T18:06:59.000Z,29.0,88,133,43.71715030632913112640380859375,-79.3523384816944599151611328125
234,2020-05-03T18:07:00.000Z,29.0,88,128,43.71705240570008754730224609375,-79.35238282196223735809326171875
235,2020-05-03T18:07:05.000Z,29.0,88,130,43.71702407486736774444580078125,-79.352398328483104705810546875
236,2020-05-03T18:07:07.000Z,29.0,88,130,43.71701032854616641998291015625,-79.3523797206580638885498046875
237,2020-05-03T18:07:09.000Z,29.0,88,129,43.717113174498081207275390625,-79.35238131321966648101806640625
238,2020-05-03T18:07:14.000Z,29.0,86,128,43.7172062136232852935791015625,-79.352385587990283966064453125
239,2020-05-03T18:07:18.000Z,29.0,91,128,43.71739245951175689697265625,-79.3524068780243396759033203125
240,2020-05-03T18:07:26.000Z,29.0,88,130,43.71757929213345050811767578125,-79.35246496461331844329833984375
241,2020-05-03T18:07:36.000Z,29.0,88,129,43.71768213808536529541015625,-79.35250368900597095489501953125
242,2020-05-03T18:07:42.000Z,29.0,89,129,43.71772245503962039947509765625,-79.35251911170780658721923828125
243,2020-05-03T18:07:44.000Z,29.0,88,130,43.71774123050272464752197265625,-79.35252606868743896484375
244,2020-05-03T18:07:45.000Z,29.0,88,130,43.71792328543961048126220703125,-79.352653138339519500732421875
245,2020-05-03T18:07:55.000Z,29.0,85,130,43.71805437840521335601806640625,-79.3526764400303363800048828125
246,2020-05-03T18:08:01.000Z,28.0,85,130,43.71808790601789951324462890625,-79.35266621410846710205078125
247,2020-05-03T18:08:03.000Z,28.0,86,131,43.71825076639652252197265625,-79.3525627814233303070068359375
248,2020-05-03T18:08:13.000Z,28.0,86,132,43.7184319831430912017822265625,-79.35263712890446186065673828125
249,2020-05-03T18:08:22.000Z,28.0,88,132,43.71860884130001068115234375,-79.35275397263467311859130859375
250,2020-05-03T18:08:31.000Z,28.0,89,132,43.71865754015743732452392578125,-79.35278431512415409088134765625
251,2020-05-03T18:08:34.000Z,28.0,90,131,43.71883255429565906524658203125,-79.35292580164968967437744140625
252,2020-05-03T18:08:45.000Z,28.0,85,132,43.718990720808506011962890625,-79.35290350578725337982177734375
253,2020-05-03T18:08:55.000Z,28.0,89,132,43.71906858868896961212158203125,-79.3528640270233154296875
254,2020-05-03T18:09:01.000Z,28.0,95,131,43.719163723289966583251953125,-79.352817423641681671142578125
255,2020-05-03T18:09:05.000Z,28.0,91,132,43.71927134692668914794921875,-79.35277643613517284393310546875
256,2020-05-03T18:09:11.000Z,28.0,88,130,43.71929188258945941925048828125,-79.352750368416309356689453125
257,2020-05-03T18:09:13.000Z,28.0,87,130,43.71935457922518253326416015625,-79.35274039395153522491455078125
258,2020-05-03T18:09:16.000Z,28.0,85,130,43.71938458643853664398193359375,-79.35272798873484134674072265625
259,2020-05-03T18:09:18.000Z,28.0,82,130,43.71942884288728237152099609375,-79.3526610173285007476806640625
260,2020-05-03T18:09:21.000Z,28.0,83,130,43.71955893002450466156005859375,-79.35258331708610057830810546875
261,2020-05-03T18:09:28.000Z,28.0,90,131,43.71968977153301239013671875,-79.35265154577791690826416015625
262,2020-05-03T18:09:35.000Z,28.0,85,132,43.71970745734870433807373046875,-79.35269781388342380523681640625
263,2020-05-03T18:09:39.000Z,28.0,75,133,43.719716258347034454345703125,-79.35272119939327239990234375
264,2020-05-03T18:09:42.000Z,28.0,0,134,43.7197078764438629150390625,-79.352798648178577423095703125
265,2020-05-03T18:09:51.000Z,28.0,0,130,43.7197050265967845916748046875,-79.3528481014072895050048828125
266,2020-05-03T18:09:57.000Z,28.0,0,129,43.71970452368259429931640625,-79.35291255824267864227294921875
267,2020-05-03T18:10:01.000Z,28.0,0,129,43.719718270003795623779296875,-79.3529262207448482513427734375
268,2020-05-03T18:10:03.000Z,28.0,0,127,43.7197486124932765960693359375,-79.35286360792815685272216796875
269,2020-05-03T18:10:05.000Z,28.0,59,125,43.71979647316038608551025390625,-79.352800659835338592529296875
270,2020-05-03T18:10:08.000Z,28.0,0,125,43.71987476013600826263427734375,-79.35270183719694614410400390625
271,2020-05-03T18:10:12.000Z,28.0,82,125,43.7199115566909313201904296875,-79.3526345305144786834716796875
272,2020-05-03T18:10:15.000Z,28.0,82,126,43.7199963815510272979736328125,-79.3525483645498752593994140625
273,2020-05-03T18:10:21.000Z,28.0,95,124,43.72003820724785327911376953125,-79.3525312654674053192138671875
274,2020-05-03T18:10:23.000Z,28.0,95,121,43.72006134130060672760009765625,-79.35251793824136257171630859375
275,2020-05-03T18:10:24.000Z,28.0,88,116,43.72008539736270904541015625,-79.35250184498727321624755859375
276,2020-05-03T18:10:25.000Z,28.0,88,112,43.72010760940611362457275390625,-79.3524860031902790069580078125
277,2020-05-03T18:10:26.000Z,28.0,89,116,43.72012387029826641082763671875,-79.3524705804884433746337890625
278,2020-05-03T18:10:27.000Z,28.0,89,119,43.72015270404517650604248046875,-79.35245155356824398040771484375
279,2020-05-03T18:10:28.000Z,28.0,90,122,43.7201955355703830718994140625,-79.35241886414587497711181640625
280,2020-05-03T18:10:30.000Z,28.0,91,128,43.72023384086787700653076171875,-79.3523847497999668121337890625
281,2020-05-03T18:10:32.000Z,28.0,91,132,43.72024591080844402313232421875,-79.3523696623742580413818359375
282,2020-05-03T18:10:33.000Z,28.0,90,133,43.72025848366320133209228515625,-79.35234912671148777008056640625
283,2020-05-03T18:10:34.000Z,28.0,90,136,43.72032050974667072296142578125,-79.3522526510059833526611328125
284,2020-05-03T18:10:39.000Z,28.0,89,129,43.72032679617404937744140625,-79.35224100016057491302490234375
285,2020-05-03T18:10:40.000Z,28.0,89,129,43.720503486692905426025390625,-79.3521517328917980194091796875
286,2020-05-03T18:10:49.000Z,27.0,87,128,43.720658719539642333984375,-79.35214796103537082672119140625
287,2020-05-03T18:10:55.000Z,27.0,87,126,43.72069400735199451446533203125,-79.3521574325859546661376953125
288,2020-05-03T18:10:57.000Z,27.0,86,134,43.7207108549773693084716796875,-79.35216573067009449005126953125
289,2020-05-03T18:10:58.000Z,27.0,86,137,43.7207286246120929718017578125,-79.35217796824872493743896484375
290,2020-05-03T18:10:59.000Z,27.0,86,137,43.7208000384271144866943359375,-79.35222021304070949554443359375
291,2020-05-03T18:11:03.000Z,27.0,87,133,43.7209314666688442230224609375,-79.35232146643102169036865234375
292,2020-05-03T18:11:11.000Z,27.0,89,136,43.72106716968119144439697265625,-79.35250461101531982421875
293,2020-05-03T18:11:21.000Z,27.0,88,136,43.72115065343677997589111328125,-79.35273058712482452392578125
294,2020-05-03T18:11:29.000Z,27.0,91,136,43.72116121463477611541748046875,-79.352789930999279022216796875
295,2020-05-03T18:11:31.000Z,27.0,91,133,43.721162974834442138671875,-79.35281834565103054046630859375
296,2020-05-03T18:11:32.000Z,27.0,91,130,43.7211597897112369537353515625,-79.3528501130640506744384765625
297,2020-05-03T18:11:33.000Z,27.0,91,123,43.721150569617748260498046875,-79.35288623906672000885009765625
298,2020-05-03T18:11:34.000Z,27.0,91,120,43.7211413495242595672607421875,-79.35291507281363010406494140625
299,2020-05-03T18:11:35.000Z,27.0,91,114,43.72112886048853397369384765625,-79.352944828569889068603515625
300,2020-05-03T18:11:36.000Z,27.0,91,108,43.7211118452250957489013671875,-79.35297458432614803314208984375
301,2020-05-03T18:11:37.000Z,27.0,91,105,43.72108544223010540008544921875,-79.35302085243165493011474609375
302,2020-05-03T18:11:39.000Z,27.0,89,101,43.7210753001272678375244140625,-79.3530526198446750640869140625
303,2020-05-03T18:11:41.000Z,27.0,89,104,43.72107001952826976776123046875,-79.35306963510811328887939453125
304,2020-05-03T18:11:42.000Z,27.0,90,107,43.721055686473846435546875,-79.35310265980660915374755859375
305,2020-05-03T18:11:44.000Z,27.0,90,112,43.72104428708553314208984375,-79.3531122989952564239501953125
306,2020-05-03T18:11:45.000Z,27.0,90,115,43.72102324850857257843017578125,-79.35314624570310115814208984375
307,2020-05-03T18:11:47.000Z,27.0,90,118,43.72099089436233043670654296875,-79.35320936143398284912109375
308,2020-05-03T18:11:50.000Z,27.0,86,125,43.7209814228117465972900390625,-79.3532328307628631591796875
309,2020-05-03T18:11:51.000Z,27.0,86,131,43.72096759267151355743408203125,-79.3532554619014263153076171875
310,2020-05-03T18:11:52.000Z,27.0,86,135,43.7209470570087432861328125,-79.3533141352236270904541015625
311,2020-05-03T18:11:54.000Z,27.0,86,138,43.720913194119930267333984375,-79.35358629561960697174072265625
312,2020-05-03T18:12:03.000Z,27.0,85,136,43.720944710075855255126953125,-79.35383724980056285858154296875
313,2020-05-03T18:12:10.000Z,27.0,84,134,43.7209250964224338531494140625,-79.353973455727100372314453125
314,2020-05-03T18:12:15.000Z,27.0,90,134,43.7208788283169269561767578125,-79.3541285209357738494873046875
315,2020-05-03T18:12:22.000Z,27.0,87,135,43.72084706090390682220458984375,-79.3544064648449420928955078125
316,2020-05-03T18:12:33.000Z,27.0,88,134,43.7208057381212711334228515625,-79.35467376373708248138427734375
317,2020-05-03T18:12:43.000Z,28.0,92,134,43.7207671813666820526123046875,-79.3549244664609432220458984375
318,2020-05-03T18:12:52.000Z,28.0,87,134,43.720687218010425567626953125,-79.35508749447762966156005859375
319,2020-05-03T18:12:59.000Z,28.0,88,133,43.72067104093730449676513671875,-79.35510744340717792510986328125
320,2020-05-03T18:13:00.000Z,28.0,88,133,43.720643632113933563232421875,-79.35517030768096446990966796875
321,2020-05-03T18:13:03.000Z,28.0,91,133,43.72064237482845783233642578125,-79.355443306267261505126953125
322,2020-05-03T18:13:15.000Z,28.0,85,136,43.72059225104749202728271484375,-79.3557058274745941162109375
323,2020-05-03T18:13:25.000Z,28.0,87,135,43.7205703742802143096923828125,-79.3558652512729167938232421875
324,2020-05-03T18:13:31.000Z,28.0,86,136,43.720573894679546356201171875,-79.35611796565353870391845703125
325,2020-05-03T18:13:42.000Z,28.0,83,135,43.72059593908488750457763671875,-79.35637931339442729949951171875
326,2020-05-03T18:13:50.000Z,28.0,86,133,43.7205482460558414459228515625,-79.356623478233814239501953125
327,2020-05-03T18:13:57.000Z,28.0,84,135,43.72055604122579097747802734375,-79.3568643741309642791748046875
328,2020-05-03T18:14:06.000Z,28.0,85,135,43.720522262156009674072265625,-79.35711331665515899658203125
329,2020-05-03T18:14:16.000Z,28.0,87,135,43.7205143831670284271240234375,-79.35723376460373401641845703125
330,2020-05-03T18:14:20.000Z,28.0,87,132,43.72049183584749698638916015625,-79.357490837574005126953125
331,2020-05-03T18:14:31.000Z,28.0,84,134,43.720476329326629638671875,-79.357739947736263275146484375
332,2020-05-03T18:14:40.000Z,29.0,85,136,43.720427043735980987548828125,-79.3579583801329135894775390625
333,2020-05-03T18:14:48.000Z,29.0,88,135,43.7204201705753803253173828125,-79.35810573399066925048828125
334,2020-05-03T18:14:54.000Z,29.0,85,134,43.720423020422458648681640625,-79.3582544289529323577880859375
335,2020-05-03T18:15:00.000Z,29.0,88,131,43.7203953601419925689697265625,-79.358423240482807159423828125
336,2020-05-03T18:15:06.000Z,29.0,89,134,43.7203785963356494903564453125,-79.35856766067445278167724609375
337,2020-05-03T18:15:12.000Z,29.0,87,131,43.7203816138207912445068359375,-79.35865667648613452911376953125
338,2020-05-03T18:15:15.000Z,29.0,87,132,43.72035135515034198760986328125,-79.35885415412485599517822265625
339,2020-05-03T18:15:23.000Z,29.0,90,135,43.720331490039825439453125,-79.3589057028293609619140625
340,2020-05-03T18:15:25.000Z,29.0,88,135,43.7203215993940830230712890625,-79.3589615263044834136962890625
341,2020-05-03T18:15:27.000Z,29.0,87,132,43.7203011475503444671630859375,-79.3591626919806003570556640625
342,2020-05-03T18:15:33.000Z,29.0,89,129,43.72029402293264865875244140625,-79.3591975606977939605712890625
343,2020-05-03T18:15:35.000Z,29.0,90,126,43.72029460966587066650390625,-79.35928699560463428497314453125
344,2020-05-03T18:15:38.000Z,29.0,88,129,43.72029804624617099761962890625,-79.359366036951541900634765625
345,2020-05-03T18:15:41.000Z,29.0,88,132,43.72029150836169719696044921875,-79.3594480119645595550537109375
346,2020-05-03T18:15:45.000Z,29.0,89,129,43.7202582322061061859130859375,-79.3595646880567073822021484375
347,2020-05-03T18:15:49.000Z,29.0,88,131,43.7202230282127857208251953125,-79.35971581377089023590087890625
348,2020-05-03T18:15:54.000Z,29.0,87,134,43.72022219002246856689453125,-79.35974699445068836212158203125
349,2020-05-03T18:15:55.000Z,29.0,90,135,43.72015035711228847503662109375,-79.359985291957855224609375
350,2020-05-03T18:16:04.000Z,29.0,85,135,43.720176257193088531494140625,-79.36024345457553863525390625
351,2020-05-03T18:16:14.000Z,29.0,88,136,43.72015907429158687591552734375,-79.36034135520458221435546875
352,2020-05-03T18:16:18.000Z,29.0,92,137,43.72014650143682956695556640625,-79.3603797443211078643798828125
353,2020-05-03T18:16:20.000Z,29.0,89,137,43.72009553946554660797119140625,-79.36064980924129486083984375
354,2020-05-03T18:16:30.000Z,29.0,87,136,43.72002395801246166229248046875,-79.360902942717075347900390625
355,2020-05-03T18:16:38.000Z,29.0,87,135,43.72008179314434528350830078125,-79.36113453470170497894287109375
356,2020-05-03T18:16:48.000Z,29.0,94,137,43.720090091228485107421875,-79.3612105585634708404541015625
357,2020-05-03T18:16:51.000Z,29.0,89,140,43.720095120370388031005859375,-79.36133821494877338409423828125
358,2020-05-03T18:16:56.000Z,29.0,89,143,43.720077686011791229248046875,-79.361549355089664459228515625
359,2020-05-03T18:17:04.000Z,29.0,86,143,43.720117919147014617919921875,-79.361799471080303192138671875
360,2020-05-03T18:17:13.000Z,29.0,89,142,43.72018354944884777069091796875,-79.36193416826426982879638671875
361,2020-05-03T18:17:18.000Z,29.0,89,140,43.72032403014600276947021484375,-79.362122677266597747802734375
362,2020-05-03T18:17:26.000Z,29.0,86,141,43.720406927168369293212890625,-79.36225913465023040771484375
363,2020-05-03T18:17:33.000Z,29.0,84,138,43.72051832266151905059814453125,-79.362479411065578460693359375
364,2020-05-03T18:17:44.000Z,29.0,82,137,43.720587305724620819091796875,-79.36264042742550373077392578125
365,2020-05-03T18:17:51.000Z,29.0,86,140,43.7205992080271244049072265625,-79.362710751593112945556640625
366,2020-05-03T18:17:53.000Z,29.0,84,140,43.72069023549556732177734375,-79.362934716045856475830078125
367,2020-05-03T18:18:02.000Z,29.0,85,141,43.72079894877970218658447265625,-79.363144598901271820068359375
368,2020-05-03T18:18:12.000Z,29.0,84,142,43.72090975753962993621826171875,-79.36334769241511821746826171875
369,2020-05-03T18:18:22.000Z,29.0,84,140,43.720972537994384765625,-79.363456070423126220703125
370,2020-05-03T18:18:28.000Z,29.0,85,139,43.72105577029287815093994140625,-79.363690428435802459716796875
371,2020-05-03T18:18:37.000Z,29.0,90,141,43.72110136784613132476806640625,-79.36390735208988189697265625
372,2020-05-03T18:18:46.000Z,29.0,87,139,43.721135817468166351318359375,-79.3640553764998912811279296875
373,2020-05-03T18:18:52.000Z,29.0,87,140,43.72122131288051605224609375,-79.36430172063410282135009765625
374,2020-05-03T18:19:02.000Z,29.0,87,140,43.72129113413393497467041015625,-79.36444572173058986663818359375
375,2020-05-03T18:19:08.000Z,29.0,90,143,43.72142910026013851165771484375,-79.36462928541004657745361328125
376,2020-05-03T18:19:17.000Z,29.0,85,140,43.7216140888631343841552734375,-79.36470740474760532379150390625
377,2020-05-03T18:19:27.000Z,29.0,88,140,43.72180276550352573394775390625,-79.3646937422454357147216796875
378,2020-05-03T18:19:36.000Z,29.0,88,140,43.72194659896194934844970703125,-79.36467337422072887420654296875
379,2020-05-03T18:19:43.000Z,29.0,87,143,43.7221257202327251434326171875,-79.36463448219001293182373046875
380,2020-05-03T18:19:53.000Z,29.0,85,143,43.7221674621105194091796875,-79.3646162934601306915283203125
381,2020-05-03T18:19:55.000Z,29.0,85,143,43.72224390506744384765625,-79.3645973503589630126953125
382,2020-05-03T18:19:59.000Z,29.0,85,140,43.72229696251451969146728515625,-79.36458888463675975799560546875
383,2020-05-03T18:20:02.000Z,29.0,85,139,43.72249460779130458831787109375,-79.3646434508264064788818359375
384,2020-05-03T18:20:11.000Z,29.0,87,142,43.722568452358245849609375,-79.36469684354960918426513671875
385,2020-05-03T18:20:15.000Z,29.0,89,142,43.72275562025606632232666015625,-79.36472182162106037139892578125
386,2020-05-03T18:20:24.000Z,29.0,85,140,43.7228264473378658294677734375,-79.364732466638088226318359375
387,2020-05-03T18:20:28.000Z,29.0,87,143,43.72284094803035259246826171875,-79.3646588735282421112060546875
388,2020-05-03T18:20:31.000Z,29.0,87,144,43.7228472344577312469482421875,-79.36452484689652919769287109375
389,2020-05-03T18:20:36.000Z,29.0,84,144,43.722860813140869140625,-79.36437011696398258209228515625
390,2020-05-03T18:20:43.000Z,29.0,84,141,43.72287581674754619598388671875,-79.36435796320438385009765625
391,2020-05-03T18:20:44.000Z,29.0,86,141,43.723056614398956298828125,-79.3643453903496265411376953125
392,2020-05-03T18:20:52.000Z,29.0,86,140,43.7231268547475337982177734375,-79.364430718123912811279296875
393,2020-05-03T18:20:57.000Z,29.0,86,142,43.72331234626471996307373046875,-79.36454362235963344573974609375
394,2020-05-03T18:21:05.000Z,29.0,87,142,43.7234468758106231689453125,-79.36457329429686069488525390625
395,2020-05-03T18:21:15.000Z,29.0,0,142,43.72345626354217529296875,-79.36458192765712738037109375
396,2020-05-03T18:21:17.000Z,29.0,59,141,43.7234897911548614501953125,-79.36463079415261745452880859375
397,2020-05-03T18:21:20.000Z,29.0,59,140,43.72353740036487579345703125,-79.364731125533580780029296875
398,2020-05-03T18:21:26.000Z,29.0,85,139,43.72358056716620922088623046875,-79.36483514495193958282470703125
399,2020-05-03T18:21:32.000Z,29.0,83,138,43.723586685955524444580078125,-79.364884011447429656982421875
400,2020-05-03T18:21:34.000Z,29.0,82,136,43.7235890328884124755859375,-79.36490370891988277435302734375
401,2020-05-03T18:21:35.000Z,29.0,82,133,43.723593391478061676025390625,-79.3651051260530948638916015625
402,2020-05-03T18:21:44.000Z,29.0,84,133,43.7235811538994312286376953125,-79.3651560880243778228759765625
403,2020-05-03T18:21:47.000Z,29.0,83,133,43.723480403423309326171875,-79.36525122262537479400634765625
404,2020-05-03T18:21:53.000Z,29.0,84,133,43.72329742647707462310791015625,-79.36532087624073028564453125
405,2020-05-03T18:22:01.000Z,29.0,88,132,43.72319768182933330535888671875,-79.36533018015325069427490234375
406,2020-05-03T18:22:06.000Z,29.0,85,133,43.72314043343067169189453125,-79.36532280407845973968505859375
407,2020-05-03T18:22:09.000Z,29.0,84,136,43.722943626344203948974609375,-79.36525826342403888702392578125
408,2020-05-03T18:22:20.000Z,29.0,86,136,43.72277523390948772430419921875,-79.36513689346611499786376953125
409,2020-05-03T18:22:27.000Z,29.0,86,135,43.722629137337207794189453125,-79.365083165466785430908203125
410,2020-05-03T18:22:33.000Z,29.0,87,134,43.7225394509732723236083984375,-79.36506338417530059814453125
411,2020-05-03T18:22:37.000Z,29.0,86,137,43.72238798998296260833740234375,-79.3650305271148681640625
412,2020-05-03T18:22:44.000Z,29.0,91,137,43.72220777906477451324462890625,-79.3650199659168720245361328125
413,2020-05-03T18:22:54.000Z,29.0,85,136,43.72202136553823947906494140625,-79.3650159426033496856689453125
414,2020-05-03T18:23:06.000Z,29.0,86,135,43.72197409160435199737548828125,-79.365013428032398223876953125
415,2020-05-03T18:23:08.000Z,29.0,86,136,43.72181131504476070404052734375,-79.3651165254414081573486328125
416,2020-05-03T18:23:16.000Z,29.0,86,138,43.7216657213866710662841796875,-79.36528692953288555145263671875
417,2020-05-03T18:23:24.000Z,29.0,92,136,43.72164904139935970306396484375,-79.3653026036918163299560546875
418,2020-05-03T18:23:25.000Z,29.0,92,136,43.721630685031414031982421875,-79.3653223849833011627197265625
419,2020-05-03T18:23:26.000Z,29.0,91,135,43.72146497480571269989013671875,-79.3654571659862995147705078125
420,2020-05-03T18:23:36.000Z,30.0,84,137,43.7212999351322650909423828125,-79.36559705995023250579833984375
421,2020-05-03T18:23:45.000Z,30.0,82,135,43.72114956378936767578125,-79.36577224172651767730712890625
422,2020-05-03T18:23:54.000Z,30.0,85,134,43.72103716246783733367919921875,-79.36597667634487152099609375
423,2020-05-03T18:24:02.000Z,30.0,84,135,43.720969855785369873046875,-79.3660886585712432861328125
424,2020-05-03T18:24:08.000Z,30.0,90,133,43.72083364985883235931396484375,-79.3662856332957744598388671875
425,2020-05-03T18:24:19.000Z,30.0,85,133,43.72072820551693439483642578125,-79.3664338253438472747802734375
426,2020-05-03T18:24:28.000Z,30.0,84,133,43.720716051757335662841796875,-79.36645067296922206878662109375
427,2020-05-03T18:24:29.000Z,30.0,84,133,43.72067146003246307373046875,-79.3665401078760623931884765625
428,2020-05-03T18:24:34.000Z,30.0,82,136,43.720648325979709625244140625,-79.36658528633415699005126953125
429,2020-05-03T18:24:36.000Z,30.0,82,137,43.72059635818004608154296875,-79.36668653972446918487548828125
430,2020-05-03T18:24:41.000Z,30.0,85,139,43.720545731484889984130859375,-79.36679734848439693450927734375
431,2020-05-03T18:24:47.000Z,30.0,83,139,43.720551095902919769287109375,-79.36686038039624691009521484375
432,2020-05-03T18:24:51.000Z,30.0,82,140,43.72055084444582462310791015625,-79.3668944947421550750732421875
433,2020-05-03T18:24:53.000Z,30.0,82,141,43.72055386193096637725830078125,-79.3669414333999156951904296875
434,2020-05-03T18:24:55.000Z,30.0,82,143,43.72055369429290294647216796875,-79.36700798571109771728515625
435,2020-05-03T18:24:59.000Z,30.0,80,142,43.7205455638468265533447265625,-79.36704293824732303619384765625
436,2020-05-03T18:25:01.000Z,30.0,80,142,43.72054941952228546142578125,-79.367074035108089447021484375
437,2020-05-03T18:25:03.000Z,30.0,82,142,43.720546402037143707275390625,-79.36708576977252960205078125
438,2020-05-03T18:25:04.000Z,30.0,82,142,43.72054195962846279144287109375,-79.36711971648037433624267578125
439,2020-05-03T18:25:06.000Z,30.0,83,142,43.72054296545684337615966796875,-79.3671724386513233184814453125
440,2020-05-03T18:25:09.000Z,30.0,82,142,43.720557130873203277587890625,-79.367245025932788848876953125
441,2020-05-03T18:25:14.000Z,30.0,80,141,43.72055436484515666961669921875,-79.3672696687281131744384765625
442,2020-05-03T18:25:15.000Z,30.0,81,141,43.72055939398705959320068359375,-79.36730302870273590087890625
443,2020-05-03T18:25:17.000Z,30.0,80,144,43.72056207619607448577880859375,-79.367336221039295196533203125
444,2020-05-03T18:25:19.000Z,30.0,81,143,43.72059342451393604278564453125,-79.36746890656650066375732421875
445,2020-05-03T18:25:25.000Z,30.0,79,141,43.72060046531260013580322265625,-79.36750796623528003692626953125
446,2020-05-03T18:25:27.000Z,30.0,79,141,43.72060038149356842041015625,-79.36753906309604644775390625
447,2020-05-03T18:25:29.000Z,30.0,83,142,43.72060381807386875152587890625,-79.36758055351674556732177734375
448,2020-05-03T18:25:31.000Z,30.0,82,143,43.720605075359344482421875,-79.367599748075008392333984375
449,2020-05-03T18:25:32.000Z,30.0,81,143,43.72060147114098072052001953125,-79.36766571365296840667724609375
450,2020-05-03T18:25:35.000Z,30.0,81,146,43.72059510089457035064697265625,-79.36773176304996013641357421875
451,2020-05-03T18:25:38.000Z,30.0,81,143,43.72060381807386875152587890625,-79.3677883408963680267333984375
452,2020-05-03T18:25:42.000Z,30.0,82,142,43.72061052359640598297119140625,-79.36789671890437602996826171875
453,2020-05-03T18:25:47.000Z,30.0,86,143,43.72065511532127857208251953125,-79.368052370846271514892578125
454,2020-05-03T18:25:54.000Z,30.0,83,146,43.72065729461610317230224609375,-79.36807458288967609405517578125
455,2020-05-03T18:25:55.000Z,30.0,82,146,43.7206790037453174591064453125,-79.36825026758015155792236328125
456,2020-05-03T18:26:04.000Z,29.0,83,148,43.720685206353664398193359375,-79.3683348409831523895263671875
457,2020-05-03T18:26:08.000Z,29.0,79,147,43.7206632457673549652099609375,-79.36845445074141025543212890625
458,2020-05-03T18:26:14.000Z,29.0,82,148,43.72065008617937564849853515625,-79.36848588287830352783203125
459,2020-05-03T18:26:16.000Z,29.0,82,148,43.72064572758972644805908203125,-79.36849954538047313690185546875
460,2020-05-03T18:26:17.000Z,29.0,82,147,43.72062041424214839935302734375,-79.3685668520629405975341796875
461,2020-05-03T18:26:21.000Z,29.0,80,146,43.7205881439149379730224609375,-79.3686161376535892486572265625
462,2020-05-03T18:26:23.000Z,29.0,81,147,43.72057481668889522552490234375,-79.3686345778405666351318359375
463,2020-05-03T18:26:24.000Z,29.0,81,147,43.720508851110935211181640625,-79.36869777739048004150390625
464,2020-05-03T18:26:29.000Z,29.0,83,148,43.72048781253397464752197265625,-79.36869802884757518768310546875
465,2020-05-03T18:26:30.000Z,29.0,82,148,43.7203946895897388458251953125,-79.3687240965664386749267578125
466,2020-05-03T18:26:36.000Z,29.0,83,147,43.720200397074222564697265625,-79.36876240186393260955810546875
467,2020-05-03T18:26:47.000Z,29.0,84,147,43.72000493109226226806640625,-79.36873960308730602264404296875
468,2020-05-03T18:26:58.000Z,29.0,86,147,43.71992387808859348297119140625,-79.368724264204502105712890625
469,2020-05-03T18:27:02.000Z,29.0,83,146,43.71980502270162105560302734375,-79.368700124323368072509765625
470,2020-05-03T18:27:09.000Z,29.0,83,143,43.7197875045239925384521484375,-79.36869216151535511016845703125
471,2020-05-03T18:27:10.000Z,29.0,82,143,43.71963771991431713104248046875,-79.3686017207801342010498046875
472,2020-05-03T18:27:19.000Z,29.0,83,146,43.71952204965054988861083984375,-79.368535839021205902099609375
473,2020-05-03T18:27:26.000Z,29.0,82,145,43.719339072704315185546875,-79.36844087205827236175537109375
474,2020-05-03T18:27:37.000Z,30.0,85,145,43.71916917152702808380126953125,-79.36833190731704235076904296875
475,2020-05-03T18:27:46.000Z,30.0,87,145,43.718990050256252288818359375,-79.368265606462955474853515625
476,2020-05-03T18:27:58.000Z,30.0,84,145,43.718974292278289794921875,-79.36824448406696319580078125
477,2020-05-03T18:28:00.000Z,30.0,84,144,43.71896817348897457122802734375,-79.3682161532342433929443359375
478,2020-05-03T18:28:02.000Z,30.0,85,143,43.718957863748073577880859375,-79.36795346438884735107421875
479,2020-05-03T18:28:10.000Z,30.0,89,143,43.7190319597721099853515625,-79.3677011691033840179443359375
480,2020-05-03T18:28:19.000Z,30.0,87,142,43.71913111768662929534912109375,-79.3674527294933795928955078125
481,2020-05-03T18:28:28.000Z,30.0,87,142,43.7191853486001491546630859375,-79.367307722568511962890625
482,2020-05-03T18:28:33.000Z,29.0,86,142,43.71923555620014667510986328125,-79.36705333180725574493408203125
483,2020-05-03T18:28:43.000Z,29.0,87,142,43.7192809022963047027587890625,-79.36679500155150890350341796875
484,2020-05-03T18:28:52.000Z,29.0,87,142,43.71929523535072803497314453125,-79.36669886112213134765625
485,2020-05-03T18:28:55.000Z,29.0,88,143,43.71930194087326526641845703125,-79.36666910536587238311767578125
486,2020-05-03T18:28:56.000Z,29.0,89,143,43.71931535191833972930908203125,-79.3664549477398395538330078125
487,2020-05-03T18:29:03.000Z,29.0,89,140,43.7193016894161701202392578125,-79.3662038259208202362060546875
488,2020-05-03T18:29:13.000Z,29.0,86,141,43.7193216383457183837890625,-79.3660103715956211090087890625
489,2020-05-03T18:29:20.000Z,29.0,90,144,43.71924578212201595306396484375,-79.36582203023135662078857421875
490,2020-05-03T18:29:32.000Z,29.0,86,142,43.71905216015875339508056640625,-79.36574944294989109039306640625
491,2020-05-03T18:29:41.000Z,29.0,87,144,43.7188658304512500762939453125,-79.36565573327243328094482421875
492,2020-05-03T18:29:49.000Z,29.0,87,142,43.71869794093072414398193359375,-79.3655500374734401702880859375
493,2020-05-03T18:29:57.000Z,29.0,88,141,43.71852577663958072662353515625,-79.3654323555529117584228515625
494,2020-05-03T18:30:06.000Z,29.0,87,143,43.71850716881453990936279296875,-79.3654239736497402191162109375
495,2020-05-03T18:30:07.000Z,29.0,85,147,43.7184477411210536956787109375,-79.36540360562503337860107421875
496,2020-05-03T18:30:10.000Z,29.0,86,143,43.71842687018215656280517578125,-79.36539455316960811614990234375
497,2020-05-03T18:30:11.000Z,29.0,85,138,43.7183521874248981475830078125,-79.3653703294694423675537109375
498,2020-05-03T18:30:15.000Z,29.0,84,144,43.718333579599857330322265625,-79.3653642944991588592529296875
499,2020-05-03T18:30:16.000Z,29.0,84,148,43.71831371448934078216552734375,-79.3653528951108455657958984375
500,2020-05-03T18:30:17.000Z,29.0,84,153,43.7182935141026973724365234375,-79.36534635722637176513671875
501,2020-05-03T18:30:18.000Z,29.0,84,159,43.71827666647732257843017578125,-79.36533940024673938751220703125
502,2020-05-03T18:30:19.000Z,29.0,84,164,43.71825671754777431488037109375,-79.36532816849648952484130859375
503,2020-05-03T18:30:20.000Z,29.0,88,168,43.7182231061160564422607421875,-79.3653126619756221771240234375
504,2020-05-03T18:30:22.000Z,29.0,89,171,43.71818027459084987640380859375,-79.3652999214828014373779296875
505,2020-05-03T18:30:25.000Z,29.0,90,174,43.71805219911038875579833984375,-79.3652127496898174285888671875
506,2020-05-03T18:30:32.000Z,29.0,90,171,43.71795077808201313018798828125,-79.36510286293923854827880859375
507,2020-05-03T18:30:39.000Z,29.0,90,169,43.71788062155246734619140625,-79.36498987488448619842529296875
508,2020-05-03T18:30:44.000Z,29.0,86,166,43.7178660370409488677978515625,-79.36496146023273468017578125
509,2020-05-03T18:30:45.000Z,29.0,86,166,43.71774257160723209381103515625,-79.36481704004108905792236328125
510,2020-05-03T18:30:53.000Z,29.0,87,163,43.7176923640072345733642578125,-79.36473590321838855743408203125
511,2020-05-03T18:30:57.000Z,29.0,90,160,43.717646263539791107177734375,-79.36467739753425121307373046875
512,2020-05-03T18:31:01.000Z,29.0,88,153,43.71763176284730434417724609375,-79.36466264538466930389404296875
513,2020-05-03T18:31:02.000Z,29.0,88,148,43.71761684305965900421142578125,-79.3646456301212310791015625
514,2020-05-03T18:31:03.000Z,29.0,88,143,43.7176018394529819488525390625,-79.3646241724491119384765625
515,2020-05-03T18:31:04.000Z,29.0,89,139,43.71758817695081233978271484375,-79.36460472643375396728515625
516,2020-05-03T18:31:05.000Z,29.0,89,135,43.7175448425114154815673828125,-79.3645368330180644989013671875
517,2020-05-03T18:31:08.000Z,29.0,89,132,43.71748474426567554473876953125,-79.36444245278835296630859375
518,2020-05-03T18:31:12.000Z,30.0,85,135,43.717404864728450775146484375,-79.364298619329929351806640625
519,2020-05-03T18:31:20.000Z,30.0,85,134,43.717380724847316741943359375,-79.36427841894328594207763671875
520,2020-05-03T18:31:22.000Z,30.0,86,131,43.71737192384898662567138671875,-79.3642662651836872100830078125
521,2020-05-03T18:31:23.000Z,30.0,86,131,43.7173295952379703521728515625,-79.36411430127918720245361328125
522,2020-05-03T18:31:30.000Z,30.0,86,131,43.7172454409301280975341796875,-79.3638817034661769866943359375
523,2020-05-03T18:31:40.000Z,30.0,86,131,43.717187941074371337890625,-79.36367131769657135009765625
524,2020-05-03T18:31:48.000Z,30.0,86,134,43.7171894498169422149658203125,-79.3636262230575084686279296875
525,2020-05-03T18:31:51.000Z,30.0,86,134,43.71718668378889560699462890625,-79.3635890074074268341064453125
526,2020-05-03T18:31:54.000Z,30.0,86,135,43.71715701185166835784912109375,-79.36350158415734767913818359375
527,2020-05-03T18:31:57.000Z,30.0,88,136,43.71708492748439311981201171875,-79.36328298412263393402099609375
528,2020-05-03T18:32:04.000Z,30.0,85,137,43.7170674093067646026611328125,-79.363165386021137237548828125
529,2020-05-03T18:32:08.000Z,30.0,85,134,43.71707084588706493377685546875,-79.3628996796905994415283203125
530,2020-05-03T18:32:16.000Z,30.0,86,135,43.7170717678964138031005859375,-79.3628654815256595611572265625
531,2020-05-03T18:32:17.000Z,30.0,86,135,43.7170519866049289703369140625,-79.36266993172466754913330078125
532,2020-05-03T18:32:24.000Z,30.0,87,135,43.71706782840192317962646484375,-79.36254017986357212066650390625
533,2020-05-03T18:32:29.000Z,30.0,86,135,43.71707838959991931915283203125,-79.362486787140369415283203125
534,2020-05-03T18:32:31.000Z,30.0,85,135,43.71707973070442676544189453125,-79.36245954595506191253662109375
535,2020-05-03T18:32:32.000Z,30.0,84,135,43.7170664034783840179443359375,-79.3621878884732723236083984375
536,2020-05-03T18:32:41.000Z,30.0,84,133,43.7170429341495037078857421875,-79.3621382676064968109130859375
537,2020-05-03T18:32:43.000Z,30.0,84,130,43.71700228191912174224853515625,-79.36191522516310214996337890625
538,2020-05-03T18:32:51.000Z,30.0,85,131,43.7170124240219593048095703125,-79.36166628263890743255615234375
539,2020-05-03T18:32:59.000Z,30.0,84,131,43.71696531772613525390625,-79.36141834594309329986572265625
540,2020-05-03T18:33:07.000Z,30.0,86,133,43.71690790168941020965576171875,-79.36121382750570774078369140625
541,2020-05-03T18:33:15.000Z,30.0,84,136,43.71680245734751224517822265625,-79.36099338345229625701904296875
542,2020-05-03T18:33:25.000Z,30.0,84,137,43.71679055504500865936279296875,-79.3609772063791751861572265625
543,2020-05-03T18:33:26.000Z,30.0,84,137,43.716763146221637725830078125,-79.36093068681657314300537109375
544,2020-05-03T18:33:29.000Z,30.0,84,137,43.71666583232581615447998046875,-79.3608246557414531707763671875
545,2020-05-03T18:33:35.000Z,30.0,87,137,43.71662124060094356536865234375,-79.360766150057315826416015625
546,2020-05-03T18:33:38.000Z,30.0,86,137,43.716437928378582000732421875,-79.36064821667969226837158203125
547,2020-05-03T18:33:47.000Z,30.0,86,136,43.7162761576473712921142578125,-79.360473118722438812255859375
548,2020-05-03T18:33:54.000Z,30.0,87,138,43.71608194895088672637939453125,-79.36039407737553119659423828125
549,2020-05-03T18:34:03.000Z,30.0,89,139,43.71590743772685527801513671875,-79.36032065190374851226806640625
550,2020-05-03T18:34:12.000Z,30.0,87,138,43.71587256900966167449951171875,-79.3603066541254520416259765625
551,2020-05-03T18:34:14.000Z,30.0,87,145,43.7158362753689289093017578125,-79.360275976359844207763671875
552,2020-05-03T18:34:16.000Z,30.0,86,148,43.7157843075692653656005859375,-79.3602627329528331756591796875
553,2020-05-03T18:34:19.000Z,30.0,86,151,43.71560954488813877105712890625,-79.36017782427370548248291015625
554,2020-05-03T18:34:28.000Z,30.0,90,151,43.715424053370952606201171875,-79.3601494096219539642333984375
555,2020-05-03T18:34:37.000Z,30.0,88,151,43.71528181247413158416748046875,-79.360105656087398529052734375
556,2020-05-03T18:34:45.000Z,30.0,88,148,43.71509539894759654998779296875,-79.3600384332239627838134765625
557,2020-05-03T18:34:56.000Z,30.0,86,148,43.71491334401071071624755859375,-79.3599515967071056365966796875
558,2020-05-03T18:35:05.000Z,30.0,85,148,43.71476833708584308624267578125,-79.3598547019064426422119140625
559,2020-05-03T18:35:13.000Z,30.0,85,149,43.71474109590053558349609375,-79.3598429672420024871826171875
560,2020-05-03T18:35:23.000Z,30.0,0,146,43.7147154472768306732177734375,-79.3598265387117862701416015625
561,2020-05-03T18:35:26.000Z,30.0,59,144,43.71464981697499752044677734375,-79.359801225364208221435546875
562,2020-05-03T18:35:29.000Z,30.0,95,142,43.714505732059478759765625,-79.35978203080594539642333984375
563,2020-05-03T18:35:35.000Z,30.0,90,139,43.71442987583577632904052734375,-79.35978873632848262786865234375
564,2020-05-03T18:35:39.000Z,30.0,87,136,43.71442459523677825927734375,-79.3597819469869136810302734375
565,2020-05-03T18:35:40.000Z,30.0,87,136,43.71438033878803253173828125,-79.359577260911464691162109375
566,2020-05-03T18:35:49.000Z,30.0,90,139,43.7143691070377826690673828125,-79.35951682738959789276123046875
567,2020-05-03T18:35:52.000Z,30.0,88,142,43.71436852030456066131591796875,-79.3594922684133052825927734375
568,2020-05-03T18:35:53.000Z,30.0,87,142,43.7143836915493011474609375,-79.3594661168754100799560546875
569,2020-05-03T18:35:54.000Z,30.0,86,146,43.71439551003277301788330078125,-79.35944088734686374664306640625
570,2020-05-03T18:35:55.000Z,30.0,86,151,43.71440791524946689605712890625,-79.3594188429415225982666015625
571,2020-05-03T18:35:56.000Z,30.0,86,154,43.71442149393260478973388671875,-79.35939646326005458831787109375
572,2020-05-03T18:35:57.000Z,30.0,86,159,43.71443758718669414520263671875,-79.35936846770346164703369140625
573,2020-05-03T18:35:58.000Z,30.0,86,163,43.7144831009209156036376953125,-79.35925162397325038909912109375
574,2020-05-03T18:36:02.000Z,30.0,86,160,43.71450548060238361358642578125,-79.35917249880731105804443359375
575,2020-05-03T18:36:05.000Z,30.0,88,163,43.7145504914224147796630859375,-79.359014667570590972900390625
576,2020-05-03T18:36:11.000Z,30.0,86,165,43.71459265239536762237548828125,-79.35876245610415935516357421875
577,2020-05-03T18:36:20.000Z,29.0,87,164,43.714611344039440155029296875,-79.35869372449815273284912109375
578,2020-05-03T18:36:23.000Z,29.0,89,161,43.71463154442608356475830078125,-79.35859917663037776947021484375
579,2020-05-03T18:36:27.000Z,29.0,87,158,43.71466599404811859130859375,-79.35833782888948917388916015625
580,2020-05-03T18:36:36.000Z,29.0,85,158,43.714678399264812469482421875,-79.35821008868515491485595703125
581,2020-05-03T18:36:40.000Z,29.0,88,158,43.71468904428184032440185546875,-79.358101375401020050048828125
582,2020-05-03T18:36:44.000Z,29.0,87,155,43.71472441591322422027587890625,-79.35782988555729389190673828125
583,2020-05-03T18:36:53.000Z,29.0,84,153,43.71471905149519443511962890625,-79.35774355195462703704833984375
584,2020-05-03T18:36:56.000Z,29.0,84,150,43.71471469290554523468017578125,-79.35772762633860111236572265625
585,2020-05-03T18:36:57.000Z,29.0,85,149,43.71465970762073993682861328125,-79.35759074985980987548828125
586,2020-05-03T18:37:06.000Z,29.0,84,150,43.7146473862230777740478515625,-79.35732747428119182586669921875
587,2020-05-03T18:37:15.000Z,29.0,86,149,43.714660964906215667724609375,-79.357271231710910797119140625
588,2020-05-03T18:37:17.000Z,29.0,86,149,43.71470756828784942626953125,-79.35702924616634845733642578125
589,2020-05-03T18:37:26.000Z,29.0,84,148,43.714736737310886383056640625,-79.35678717680275440216064453125
590,2020-05-03T18:37:34.000Z,29.0,83,150,,
