I,Time,AltitudeM,DistanceM,HeartRate,Speed,RunCadence
0,2020-07-06T18:11:55.000Z,120.80000305175781,2.799999952316284,152,2.3889999389648438,91
1,2020-07-06T18:11:56.000Z,121.4000015258789,5.869999885559082,148,2.5380001068115234,92
2,2020-07-06T18:11:57.000Z,121.4000015258789,9.100000381469727,144,2.677999973297119,92
3,2020-07-06T18:11:58.000Z,121.4000015258789,12.470000267028809,147,2.677999973297119,92
4,2020-07-06T18:11:59.000Z,121.4000015258789,15.960000038146973,144,2.9760000705718994,92
5,2020-07-06T18:12:00.000Z,121.5999984741211,19.18000030517578,141,2.9760000705718994,91
6,2020-07-06T18:12:01.000Z,122.0,22.3799991607666,139,2.947999954223633,91
7,2020-07-06T18:12:03.000Z,121.80000305175781,28.670000076293945,145,2.9019999504089355,91
8,2020-07-06T18:12:04.000Z,121.80000305175781,31.920000076293945,144,2.9019999504089355,91
9,2020-07-06T18:12:06.000Z,122.0,38.209999084472656,147,2.9860000610351562,90
10,2020-07-06T18:12:09.000Z,122.0,46.529998779296875,143,2.8269999027252197,89
11,2020-07-06T18:12:11.000Z,121.80000305175781,52.97999954223633,140,2.818000078201294,89
12,2020-07-06T18:12:13.000Z,121.5999984741211,59.349998474121094,139,2.8550000190734863,88
13,2020-07-06T18:12:20.000Z,121.4000015258789,80.75,139,2.9110000133514404,91
14,2020-07-06T18:12:27.000Z,122.19999694824219,101.05999755859375,138,2.930000066757202,93
15,2020-07-06T18:12:34.000Z,121.80000305175781,121.75,138,2.947999954223633,91
16,2020-07-06T18:12:41.000Z,121.0,141.0800018310547,142,2.9210000038146973,91
17,2020-07-06T18:12:43.000Z,121.0,146.27000427246094,147,2.9019999504089355,90
18,2020-07-06T18:12:44.000Z,121.0,148.94000244140625,146,2.882999897003174,90
19,2020-07-06T18:12:50.000Z,121.0,164.05999755859375,143,2.8369998931884766,91
20,2020-07-06T18:12:55.000Z,121.0,177.22999572753906,140,2.7899999618530273,90
21,2020-07-06T18:13:03.000Z,120.80000305175781,199.13999938964844,142,2.753000020980835,90
22,2020-07-06T18:13:08.000Z,120.80000305175781,214.22000122070312,145,2.753000020980835,92
23,2020-07-06T18:13:10.000Z,120.80000305175781,219.8699951171875,148,2.753000020980835,92
24,2020-07-06T18:13:18.000Z,120.4000015258789,241.89999389648438,146,2.753000020980835,91
25,2020-07-06T18:13:26.000Z,120.19999694824219,263.6199951171875,146,2.7060000896453857,89
26,2020-07-06T18:13:33.000Z,120.0,286.239990234375,146,2.76200008392334,90
27,2020-07-06T18:13:35.000Z,120.0,292.1600036621094,143,2.7709999084472656,91
28,2020-07-06T18:13:42.000Z,119.5999984741211,309.19000244140625,146,2.7339999675750732,87
29,2020-07-06T18:13:45.000Z,119.5999984741211,315.6700134277344,148,2.687000036239624,87
30,2020-07-06T18:13:53.000Z,119.4000015258789,338.6199951171875,148,2.677999973297119,91
31,2020-07-06T18:14:00.000Z,119.5999984741211,361.5899963378906,147,2.7809998989105225,91
32,2020-07-06T18:14:06.000Z,119.5999984741211,383.2900085449219,147,2.9860000610351562,94
33,2020-07-06T18:14:12.000Z,119.4000015258789,404.3500061035156,147,3.0880000591278076,91
34,2020-07-06T18:14:18.000Z,119.4000015258789,425.8999938964844,150,3.1070001125335693,90
35,2020-07-06T18:14:19.000Z,119.4000015258789,429.4100036621094,153,3.1070001125335693,91
36,2020-07-06T18:14:26.000Z,119.19999694824219,452.29998779296875,151,3.125999927520752,92
37,2020-07-06T18:14:31.000Z,118.80000305175781,466.69000244140625,148,3.0789999961853027,93
38,2020-07-06T18:14:39.000Z,119.5999984741211,488.1300048828125,150,2.9579999446868896,88
39,2020-07-06T18:14:41.000Z,119.80000305175781,494.0199890136719,150,2.9579999446868896,88
40,2020-07-06T18:14:51.000Z,120.4000015258789,514.4099731445312,148,2.7709999084472656,88
41,2020-07-06T18:14:53.000Z,121.19999694824219,520.030029296875,149,2.76200008392334,88
42,2020-07-06T18:15:00.000Z,121.0,540.2999877929688,148,2.8269999027252197,85
43,2020-07-06T18:15:08.000Z,120.4000015258789,560.3200073242188,149,2.76200008392334,92
44,2020-07-06T18:15:11.000Z,120.0,568.72998046875,149,2.7249999046325684,92
45,2020-07-06T18:15:19.000Z,120.19999694824219,590.9500122070312,149,2.8459999561309814,93
46,2020-07-06T18:15:26.000Z,119.80000305175781,611.010009765625,147,2.874000072479248,90
47,2020-07-06T18:15:34.000Z,120.0,632.75,146,2.874000072479248,90
48,2020-07-06T18:15:42.000Z,120.0,655.030029296875,148,2.8269999027252197,90
49,2020-07-06T18:15:49.000Z,119.80000305175781,676.02001953125,150,2.8369998931884766,91
50,2020-07-06T18:15:54.000Z,120.0,688.719970703125,153,2.8369998931884766,89
51,2020-07-06T18:16:01.000Z,120.0,705.25,158,2.76200008392334,95
52,2020-07-06T18:16:02.000Z,120.0,707.9600219726562,163,2.7809998989105225,94
53,2020-07-06T18:16:03.000Z,120.0,710.239990234375,166,2.7809998989105225,93
54,2020-07-06T18:16:04.000Z,120.0,712.6099853515625,166,2.753000020980835,92
55,2020-07-06T18:16:07.000Z,120.0,719.27001953125,166,2.6410000324249268,92
56,2020-07-06T18:16:14.000Z,120.0,740.8300170898438,166,2.687000036239624,91
57,2020-07-06T18:16:17.000Z,119.80000305175781,751.0700073242188,163,2.743000030517578,93
58,2020-07-06T18:16:24.000Z,119.80000305175781,771.530029296875,160,2.7809998989105225,93
59,2020-07-06T18:16:27.000Z,120.0,780.3300170898438,159,2.743000030517578,92
60,2020-07-06T18:16:35.000Z,120.0,801.6699829101562,159,2.6689999103546143,91
61,2020-07-06T18:16:42.000Z,120.0,822.8300170898438,157,2.7249999046325684,92
62,2020-07-06T18:16:49.000Z,120.0,843.5700073242188,155,2.7249999046325684,93
63,2020-07-06T18:16:56.000Z,120.4000015258789,863.6699829101562,156,2.753000020980835,92
64,2020-07-06T18:17:03.000Z,120.5999984741211,883.6900024414062,154,2.7809998989105225,90
65,2020-07-06T18:17:11.000Z,120.19999694824219,906.3099975585938,152,2.818000078201294,89
66,2020-07-06T18:17:16.000Z,120.19999694824219,920.6699829101562,151,2.8550000190734863,90
67,2020-07-06T18:17:23.000Z,120.80000305175781,939.4600219726562,148,2.8459999561309814,93
68,2020-07-06T18:17:26.000Z,120.80000305175781,947.4600219726562,151,2.8550000190734863,91
69,2020-07-06T18:17:31.000Z,120.19999694824219,964.0499877929688,146,2.9579999446868896,91
70,2020-07-06T18:17:34.000Z,120.0,972.8400268554688,144,2.9579999446868896,89
71,2020-07-06T18:17:37.000Z,120.80000305175781,974.1900024414062,144,2.865000009536743,90
72,2020-07-06T18:17:40.000Z,121.0,979.0800170898438,145,2.239000082015991,81
73,2020-07-06T18:17:42.000Z,121.19999694824219,985.3200073242188,145,2.8459999561309814,81
74,2020-07-06T18:17:47.000Z,120.0,995.9500122070312,146,2.490999937057495,91
75,2020-07-06T18:17:49.000Z,119.4000015258789,1000.760009765625,146,2.5940001010894775,94
76,2020-07-06T18:17:51.000Z,118.80000305175781,1007.52001953125,145,2.8369998931884766,97
77,2020-07-06T18:17:56.000Z,117.5999984741211,1021.1699829101562,145,2.809000015258789,97
78,2020-07-06T18:17:57.000Z,117.19999694824219,1024.75,145,2.809000015258789,97
79,2020-07-06T18:17:59.000Z,116.4000015258789,1031.719970703125,146,2.947999954223633,97
80,2020-07-06T18:18:05.000Z,115.4000015258789,1048.4100341796875,146,2.7899999618530273,92
81,2020-07-06T18:18:11.000Z,114.4000015258789,1068.0400390625,146,2.8369998931884766,93
82,2020-07-06T18:18:17.000Z,114.0,1088.6199951171875,146,2.9110000133514404,92
83,2020-07-06T18:18:23.000Z,113.19999694824219,1105.300048828125,146,2.882999897003174,92
84,2020-07-06T18:18:27.000Z,112.0,1117.3499755859375,147,2.8459999561309814,91
85,2020-07-06T18:18:29.000Z,110.80000305175781,1122.68994140625,148,2.8550000190734863,90
86,2020-07-06T18:18:35.000Z,110.4000015258789,1142.8900146484375,149,2.9110000133514404,90
87,2020-07-06T18:18:39.000Z,109.5999984741211,1155.56005859375,150,2.930000066757202,92
88,2020-07-06T18:18:42.000Z,108.4000015258789,1166.3900146484375,151,2.9860000610351562,92
89,2020-07-06T18:18:46.000Z,107.19999694824219,1180.0799560546875,150,3.0139999389648438,97
90,2020-07-06T18:18:51.000Z,106.19999694824219,1195.1800537109375,147,3.0420000553131104,97
91,2020-07-06T18:18:56.000Z,104.80000305175781,1210.7099609375,146,3.0789999961853027,95
92,2020-07-06T18:19:04.000Z,103.80000305175781,1232.3800048828125,145,3.0510001182556152,93
93,2020-07-06T18:19:05.000Z,103.80000305175781,1234.56005859375,145,3.0510001182556152,92
94,2020-07-06T18:19:10.000Z,103.4000015258789,1241.800048828125,148,2.5940001010894775,91
95,2020-07-06T18:19:18.000Z,103.5999984741211,1265.010009765625,148,2.7709999084472656,89
96,2020-07-06T18:19:25.000Z,103.5999984741211,1287.81005859375,146,2.8269999027252197,90
97,2020-07-06T18:19:32.000Z,104.0,1310.25,145,2.930000066757202,89
98,2020-07-06T18:19:38.000Z,104.4000015258789,1333.969970703125,145,3.0320000648498535,93
99,2020-07-06T18:19:45.000Z,104.19999694824219,1356.739990234375,146,3.1440000534057617,92
100,2020-07-06T18:19:52.000Z,104.0,1378.1700439453125,145,3.1630001068115234,91
101,2020-07-06T18:19:55.000Z,103.80000305175781,1385.0699462890625,148,3.059999942779541,92
102,2020-07-06T18:19:58.000Z,103.4000015258789,1391.97998046875,145,2.994999885559082,92
103,2020-07-06T18:20:02.000Z,102.5999984741211,1400.1600341796875,149,2.947999954223633,94
104,2020-07-06T18:20:09.000Z,101.5999984741211,1420.43994140625,149,2.9210000038146973,93
105,2020-07-06T18:20:10.000Z,101.4000015258789,1423.3599853515625,144,2.9210000038146973,93
106,2020-07-06T18:20:16.000Z,101.0,1443.5,144,2.938999891281128,90
107,2020-07-06T18:20:21.000Z,100.5999984741211,1461.199951171875,145,2.947999954223633,92
108,2020-07-06T18:20:28.000Z,100.4000015258789,1482.6300048828125,146,2.994999885559082,91
109,2020-07-06T18:20:32.000Z,99.80000305175781,1493.02001953125,148,2.9210000038146973,92
110,2020-07-06T18:20:34.000Z,99.5999984741211,1500.6300048828125,147,2.9210000038146973,93
111,2020-07-06T18:20:40.000Z,99.19999694824219,1523.8399658203125,147,3.059999942779541,85
112,2020-07-06T18:20:46.000Z,99.19999694824219,1544.3800048828125,147,3.0880000591278076,90
113,2020-07-06T18:20:53.000Z,99.19999694824219,1561.8800048828125,146,2.809000015258789,91
114,2020-07-06T18:21:01.000Z,98.80000305175781,1583.3800048828125,145,2.7149999141693115,90
115,2020-07-06T18:21:11.000Z,99.0,1604.199951171875,147,2.4730000495910645,85
116,2020-07-06T18:21:15.000Z,99.0,1611.760009765625,148,2.4170000553131104,84
117,2020-07-06T18:21:17.000Z,98.5999984741211,1614.06005859375,148,2.2669999599456787,84
118,2020-07-06T18:21:18.000Z,98.5999984741211,1616.3699951171875,149,2.257999897003174,84
119,2020-07-06T18:21:21.000Z,98.5999984741211,1624.449951171875,152,2.305000066757202,85
120,2020-07-06T18:21:23.000Z,98.5999984741211,1630.1800537109375,156,2.3420000076293945,85
121,2020-07-06T18:21:29.000Z,97.4000015258789,1645.1300048828125,157,2.3329999446868896,88
122,2020-07-06T18:21:32.000Z,96.4000015258789,1653.1300048828125,156,2.444999933242798,89
123,2020-07-06T18:21:38.000Z,95.80000305175781,1673.9599609375,155,2.7060000896453857,89
124,2020-07-06T18:21:42.000Z,95.5999984741211,1687.719970703125,158,2.8269999027252197,89
125,2020-07-06T18:21:44.000Z,95.5999984741211,1694.2099609375,161,2.874000072479248,90
126,2020-07-06T18:21:47.000Z,95.5999984741211,1705.31005859375,164,2.882999897003174,88
127,2020-07-06T18:21:49.000Z,95.5999984741211,1710.93994140625,161,2.8550000190734863,87
128,2020-07-06T18:21:54.000Z,96.19999694824219,1727.3800048828125,166,2.9019999504089355,87
129,2020-07-06T18:21:55.000Z,96.4000015258789,1730.6099853515625,171,2.9210000038146973,87
130,2020-07-06T18:21:56.000Z,96.4000015258789,1732.989990234375,176,2.9210000038146973,87
131,2020-07-06T18:21:57.000Z,96.4000015258789,1735.0899658203125,176,2.8369998931884766,87
132,2020-07-06T18:22:00.000Z,96.5999984741211,1741.4000244140625,173,2.7149999141693115,87
133,2020-07-06T18:22:04.000Z,96.80000305175781,1749.8399658203125,174,2.5850000381469727,87
134,2020-07-06T18:22:09.000Z,97.0,1761.530029296875,178,2.5290000438690186,90
135,2020-07-06T18:22:13.000Z,96.5999984741211,1771.3399658203125,180,2.546999931335449,92
136,2020-07-06T18:22:18.000Z,96.4000015258789,1780.530029296875,177,2.490999937057495,88
137,2020-07-06T18:22:24.000Z,96.5999984741211,1795.1300048828125,174,2.434999942779541,88
138,2020-07-06T18:22:30.000Z,96.80000305175781,1815.9000244140625,174,2.687000036239624,87
139,2020-07-06T18:22:37.000Z,96.5999984741211,1837.27001953125,174,2.6500000953674316,86
140,2020-07-06T18:22:43.000Z,96.80000305175781,1856.699951171875,174,2.677999973297119,87
141,2020-07-06T18:22:51.000Z,96.80000305175781,1877.6400146484375,172,2.63100004196167,85
142,2020-07-06T18:22:58.000Z,97.0,1892.7099609375,172,2.4260001182556152,86
143,2020-07-06T18:23:02.000Z,97.5999984741211,1900.47998046875,171,2.2950000762939453,83
144,2020-07-06T18:23:06.000Z,97.5999984741211,1908.06005859375,170,2.249000072479248,83
145,2020-07-06T18:23:09.000Z,97.5999984741211,1913.760009765625,171,2.2109999656677246,84
146,2020-07-06T18:23:11.000Z,97.80000305175781,1919.3499755859375,170,2.2109999656677246,84
147,2020-07-06T18:23:20.000Z,96.80000305175781,1939.5400390625,170,2.257999897003174,88
148,2020-07-06T18:23:23.000Z,97.0,1946.22998046875,170,2.257999897003174,87
149,2020-07-06T18:23:31.000Z,97.4000015258789,1964.8199462890625,172,2.2860000133514404,87
150,2020-07-06T18:23:37.000Z,97.4000015258789,1978.1400146484375,171,2.2860000133514404,84
151,2020-07-06T18:23:40.000Z,97.5999984741211,1984.0899658203125,168,2.2860000133514404,87
152,2020-07-06T18:23:43.000Z,97.5999984741211,1995.9599609375,168,2.3329999446868896,89
153,2020-07-06T18:23:45.000Z,97.5999984741211,2001.25,167,2.3510000705718994,89
154,2020-07-06T18:23:50.000Z,97.19999694824219,2017.4000244140625,167,2.4170000553131104,89
155,2020-07-06T18:23:57.000Z,97.4000015258789,2038.5799560546875,166,2.509999990463257,92
156,2020-07-06T18:24:00.000Z,97.5999984741211,2047.8499755859375,163,2.546999931335449,91
157,2020-07-06T18:24:07.000Z,97.5999984741211,2068.60009765625,165,2.621999979019165,94
158,2020-07-06T18:24:13.000Z,97.80000305175781,2086.85009765625,168,2.6589999198913574,90
159,2020-07-06T18:24:19.000Z,97.5999984741211,2107.4599609375,168,2.7249999046325684,89
160,2020-07-06T18:24:25.000Z,97.19999694824219,2123.510009765625,168,2.7249999046325684,90
161,2020-07-06T18:24:31.000Z,97.4000015258789,2139.580078125,168,2.6589999198913574,90
162,2020-07-06T18:24:39.000Z,97.80000305175781,2160.860107421875,166,2.6589999198913574,88
163,2020-07-06T18:24:42.000Z,98.0,2169.530029296875,163,2.677999973297119,86
164,2020-07-06T18:24:48.000Z,98.19999694824219,2184.97998046875,166,2.6410000324249268,87
165,2020-07-06T18:24:50.000Z,98.5999984741211,2189.239990234375,167,2.61299991607666,87
166,2020-07-06T18:24:58.000Z,99.0,2210.5,169,2.6410000324249268,83
167,2020-07-06T18:25:03.000Z,99.5999984741211,2225.27001953125,169,2.743000030517578,86
168,2020-07-06T18:25:08.000Z,100.80000305175781,2235.18994140625,169,2.677999973297119,87
169,2020-07-06T18:25:11.000Z,101.80000305175781,2239.320068359375,170,2.63100004196167,86
170,2020-07-06T18:25:16.000Z,103.0,2249.139892578125,169,2.5850000381469727,86
171,2020-07-06T18:25:19.000Z,104.0,2254.639892578125,167,2.5290000438690186,83
172,2020-07-06T18:25:21.000Z,104.80000305175781,2257.280029296875,167,2.490999937057495,82
173,2020-07-06T18:25:22.000Z,105.19999694824219,2258.030029296875,167,2.4539999961853027,82
174,2020-07-06T18:25:24.000Z,105.80000305175781,2258.97998046875,166,2.193000078201294,84
175,2020-07-06T18:25:25.000Z,106.19999694824219,2259.590087890625,166,2.1740000247955322,84
176,2020-07-06T18:25:27.000Z,106.80000305175781,2261.739990234375,165,2.1549999713897705,82
177,2020-07-06T18:25:29.000Z,107.5999984741211,2264.7900390625,164,2.1549999713897705,82
178,2020-07-06T18:25:32.000Z,108.5999984741211,2268.530029296875,165,2.0989999771118164,81
179,2020-07-06T18:25:33.000Z,108.80000305175781,2269.510009765625,165,2.00600004196167,81
180,2020-07-06T18:25:35.000Z,109.19999694824219,2271.030029296875,166,1.8940000534057617,82
181,2020-07-06T18:25:38.000Z,110.19999694824219,2275.06005859375,166,1.781999945640564,81
182,2020-07-06T18:25:39.000Z,110.5999984741211,2277.35009765625,165,1.809999942779541,81
183,2020-07-06T18:25:41.000Z,111.4000015258789,2281.169921875,164,1.8660000562667847,81
184,2020-07-06T18:25:45.000Z,112.5999984741211,2289.10009765625,163,1.930999994277954,83
185,2020-07-06T18:25:48.000Z,113.5999984741211,2296.530029296875,165,2.0250000953674316,82
186,2020-07-06T18:25:52.000Z,114.80000305175781,2307.159912109375,166,2.1089999675750732,82
187,2020-07-06T18:25:55.000Z,116.19999694824219,2313.56005859375,169,2.13700008392334,82
188,2020-07-06T18:26:00.000Z,117.19999694824219,2323.239990234375,170,2.13700008392334,82
189,2020-07-06T18:26:04.000Z,118.4000015258789,2330.969970703125,169,2.127000093460083,82
190,2020-07-06T18:26:07.000Z,119.80000305175781,2336.030029296875,168,2.071000099182129,79
191,2020-07-06T18:26:14.000Z,120.80000305175781,2354.669921875,167,2.2769999504089355,81
192,2020-07-06T18:26:16.000Z,120.80000305175781,2360.27001953125,172,2.369999885559082,84
193,2020-07-06T18:26:17.000Z,120.80000305175781,2363.340087890625,172,2.4539999961853027,84
194,2020-07-06T18:26:18.000Z,120.80000305175781,2366.43994140625,175,2.5190000534057617,83
195,2020-07-06T18:26:25.000Z,121.0,2387.8701171875,174,2.7899999618530273,86
196,2020-07-06T18:26:29.000Z,121.0,2399.929931640625,170,2.8550000190734863,85
197,2020-07-06T18:26:36.000Z,121.0,2420.9599609375,172,2.874000072479248,85
198,2020-07-06T18:26:44.000Z,121.0,2443.260009765625,170,2.865000009536743,86
199,2020-07-06T18:26:51.000Z,121.0,2463.580078125,172,2.8929998874664307,85
200,2020-07-06T18:26:58.000Z,121.0,2484.8701171875,174,2.9579999446868896,92
201,2020-07-06T18:27:06.000Z,121.4000015258789,2507.830078125,172,2.9760000705718994,85
202,2020-07-06T18:27:09.000Z,121.5999984741211,2516.81005859375,175,2.994999885559082,86
203,2020-07-06T18:27:16.000Z,121.4000015258789,2536.889892578125,175,3.0230000019073486,87
204,2020-07-06T18:27:24.000Z,121.19999694824219,2558.139892578125,172,2.9860000610351562,85
205,2020-07-06T18:27:32.000Z,121.0,2579.320068359375,172,2.9579999446868896,83
206,2020-07-06T18:27:37.000Z,121.19999694824219,2588.0400390625,172,2.874000072479248,83
207,2020-07-06T18:27:40.000Z,121.0,2592.830078125,173,2.677999973297119,83
208,2020-07-06T18:27:48.000Z,120.5999984741211,2613.3701171875,173,2.565999984741211,82
209,2020-07-06T18:27:57.000Z,121.0,2630.580078125,171,2.4630000591278076,85
210,2020-07-06T18:28:03.000Z,121.0,2649.699951171875,174,2.6029999256134033,87
211,2020-07-06T18:28:06.000Z,120.80000305175781,2658.860107421875,175,2.76200008392334,88
212,2020-07-06T18:28:11.000Z,121.0,2671.320068359375,177,2.6410000324249268,87
213,2020-07-06T18:28:13.000Z,121.0,2676.97998046875,177,2.621999979019165,87
214,2020-07-06T18:28:18.000Z,120.80000305175781,2691.929931640625,177,2.621999979019165,87
215,2020-07-06T18:28:23.000Z,120.4000015258789,2708.2099609375,174,2.7709999084472656,87
216,2020-07-06T18:28:26.000Z,120.4000015258789,2716.360107421875,173,2.7709999084472656,87
217,2020-07-06T18:28:31.000Z,120.5999984741211,2729.030029296875,171,2.7149999141693115,85
218,2020-07-06T18:28:40.000Z,121.0,2749.89990234375,173,2.63100004196167,85
219,2020-07-06T18:28:49.000Z,120.4000015258789,2772.570068359375,173,2.5850000381469727,84
220,2020-07-06T18:28:55.000Z,119.80000305175781,2785.72998046875,174,2.546999931335449,86
221,2020-07-06T18:28:57.000Z,119.80000305175781,2790.570068359375,168,2.5290000438690186,83
222,2020-07-06T18:28:58.000Z,120.0,2793.090087890625,163,2.5290000438690186,83
223,2020-07-06T18:28:59.000Z,120.0,2795.5400390625,164,2.5190000534057617,84
224,2020-07-06T18:29:01.000Z,120.19999694824219,2800.239990234375,161,2.500999927520752,85
225,2020-07-06T18:29:06.000Z,120.4000015258789,2816.110107421875,158,2.546999931335449,87
226,2020-07-06T18:29:07.000Z,120.4000015258789,2819.110107421875,158,2.565999984741211,87
227,2020-07-06T18:29:11.000Z,120.19999694824219,2828.64990234375,158,2.546999931335449,86
228,2020-07-06T18:29:14.000Z,120.4000015258789,2837.1201171875,158,2.556999921798706,86
229,2020-07-06T18:29:21.000Z,120.19999694824219,2858.419921875,159,2.621999979019165,88
230,2020-07-06T18:29:29.000Z,121.4000015258789,2878.06005859375,162,2.621999979019165,87
231,2020-07-06T18:29:39.000Z,120.4000015258789,2900.22998046875,163,2.5850000381469727,86
232,2020-07-06T18:29:42.000Z,120.19999694824219,2907.090087890625,164,2.5940001010894775,89
233,2020-07-06T18:29:50.000Z,121.5999984741211,2928.580078125,167,2.6689999103546143,84
234,2020-07-06T18:29:56.000Z,120.80000305175781,2944.330078125,170,2.6029999256134033,89
235,2020-07-06T18:30:03.000Z,120.4000015258789,2964.639892578125,170,2.7149999141693115,87
236,2020-07-06T18:30:04.000Z,120.4000015258789,2966.929931640625,169,2.7149999141693115,85
237,2020-07-06T18:30:07.000Z,120.5999984741211,2973.5400390625,166,2.6589999198913574,85
238,2020-07-06T18:30:10.000Z,120.5999984741211,2979.570068359375,163,2.565999984741211,81
239,2020-07-06T18:30:11.000Z,120.5999984741211,2981.840087890625,159,2.5380001068115234,85
240,2020-07-06T18:30:12.000Z,120.5999984741211,2984.090087890625,159,2.5290000438690186,86
241,2020-07-06T18:30:20.000Z,121.19999694824219,3001.14990234375,158,2.4539999961853027,88
242,2020-07-06T18:30:22.000Z,121.4000015258789,3007.419921875,157,2.444999933242798,89
243,2020-07-06T18:30:30.000Z,121.0,3029.5,158,2.5190000534057617,88
244,2020-07-06T18:30:37.000Z,121.0,3050.659912109375,157,2.61299991607666,87
245,2020-07-06T18:30:39.000Z,120.80000305175781,3055.6298828125,160,2.621999979019165,87
246,2020-07-06T18:30:43.000Z,120.80000305175781,3063.8701171875,159,2.5850000381469727,85
247,2020-07-06T18:30:45.000Z,120.80000305175781,3068.5400390625,158,2.565999984741211,84
248,2020-07-06T18:30:51.000Z,120.80000305175781,3090.550048828125,156,2.865000009536743,88
249,2020-07-06T18:30:59.000Z,121.4000015258789,3112.139892578125,157,2.6029999256134033,85
250,2020-07-06T18:31:06.000Z,121.4000015258789,3133.43994140625,159,2.677999973297119,88
251,2020-07-06T18:31:09.000Z,121.80000305175781,3142.590087890625,159,2.697000026702881,87
252,2020-07-06T18:31:17.000Z,121.5999984741211,3159.7099609375,156,2.5850000381469727,87
253,2020-07-06T18:31:26.000Z,121.80000305175781,3183.429931640625,153,2.61299991607666,86
254,2020-07-06T18:31:32.000Z,121.80000305175781,3204.1298828125,154,2.8929998874664307,84
255,2020-07-06T18:31:40.000Z,122.19999694824219,3225.7099609375,153,2.6689999103546143,85
256,2020-07-06T18:31:51.000Z,121.80000305175781,3246.719970703125,154,2.3329999446868896,90
257,2020-07-06T18:31:56.000Z,122.4000015258789,3256.75,149,2.2860000133514404,87
258,2020-07-06T18:31:57.000Z,122.4000015258789,3259.10009765625,145,2.305000066757202,84
259,2020-07-06T18:31:59.000Z,122.80000305175781,3263.7900390625,146,2.313999891281128,87
260,2020-07-06T18:32:06.000Z,123.0,3279.239990234375,149,2.3420000076293945,85
261,2020-07-06T18:32:15.000Z,122.80000305175781,3300.919921875,151,2.3329999446868896,86
262,2020-07-06T18:32:19.000Z,123.80000305175781,3309.360107421875,154,2.2950000762939453,87
263,2020-07-06T18:32:25.000Z,123.5999984741211,3323.81005859375,158,2.2769999504089355,86
264,2020-07-06T18:32:34.000Z,124.19999694824219,3341.300048828125,155,2.2109999656677246,83
265,2020-07-06T18:32:35.000Z,124.19999694824219,3343.3701171875,153,2.2109999656677246,83
266,2020-07-06T18:32:37.000Z,124.4000015258789,3348.02001953125,151,2.2109999656677246,82
267,2020-07-06T18:32:40.000Z,124.80000305175781,3355.010009765625,150,2.2109999656677246,83
268,2020-07-06T18:32:42.000Z,125.0,3359.929931640625,150,2.2109999656677246,82
269,2020-07-06T18:32:50.000Z,125.0,3377.530029296875,153,2.2300000190734863,85
270,2020-07-06T18:32:51.000Z,125.0,3380.409912109375,156,2.2300000190734863,86
271,2020-07-06T18:32:54.000Z,125.0,3389.260009765625,159,2.2669999599456787,87
272,2020-07-06T18:33:03.000Z,125.19999694824219,3409.97998046875,157,2.249000072479248,83
273,2020-07-06T18:33:04.000Z,125.0,3411.27001953125,157,2.1459999084472656,87
274,2020-07-06T18:33:12.000Z,124.5999984741211,3425.929931640625,154,2.0899999141693115,84
275,2020-07-06T18:33:13.000Z,124.5999984741211,3430.280029296875,152,2.127000093460083,84
276,2020-07-06T18:33:21.000Z,125.0,3452.1298828125,150,2.3329999446868896,84
277,2020-07-06T18:33:29.000Z,125.19999694824219,3472.18994140625,150,2.2950000762939453,84
278,2020-07-06T18:33:34.000Z,126.19999694824219,3484.159912109375,150,2.313999891281128,85
279,2020-07-06T18:33:35.000Z,126.4000015258789,3486.219970703125,149,2.305000066757202,83
280,2020-07-06T18:33:39.000Z,127.0,3495.77001953125,149,2.193000078201294,82
281,2020-07-06T18:33:40.000Z,127.19999694824219,3498.159912109375,148,2.127000093460083,82
282,2020-07-06T18:33:41.000Z,127.4000015258789,3499.31005859375,148,2.062000036239624,0
283,2020-07-06T18:33:44.000Z,128.0,3504.72998046875,148,2.00600004196167,77
284,2020-07-06T18:33:47.000Z,127.5999984741211,3513.4599609375,155,2.490999937057495,86
285,2020-07-06T18:33:48.000Z,127.5999984741211,3516.080078125,159,2.509999990463257,86
286,2020-07-06T18:33:49.000Z,127.4000015258789,3518.419921875,159,2.509999990463257,87
287,2020-07-06T18:33:51.000Z,127.4000015258789,3523.35009765625,155,2.3980000019073486,87
288,2020-07-06T18:33:54.000Z,127.5999984741211,3530.739990234375,151,2.3980000019073486,88
289,2020-07-06T18:33:56.000Z,127.5999984741211,3535.669921875,155,2.378999948501587,89
290,2020-07-06T18:34:05.000Z,128.1999969482422,3556.610107421875,157,2.2669999599456787,84
291,2020-07-06T18:34:12.000Z,128.0,3577.800048828125,158,2.3889999389648438,85
292,2020-07-06T18:34:21.000Z,127.5999984741211,3599.06005859375,158,2.4630000591278076,84
293,2020-07-06T18:34:32.000Z,127.80000305175781,3620.239990234375,158,2.4070000648498535,85
294,2020-07-06T18:34:35.000Z,127.80000305175781,3630.25,153,2.4260001182556152,87
295,2020-07-06T18:34:36.000Z,127.80000305175781,3633.60009765625,153,2.565999984741211,87
296,2020-07-06T18:34:40.000Z,128.0,3642.260009765625,149,2.490999937057495,87
297,2020-07-06T18:34:50.000Z,127.5999984741211,3663.31005859375,151,2.3889999389648438,85
298,2020-07-06T18:34:55.000Z,127.19999694824219,3675.60009765625,152,2.369999885559082,84
299,2020-07-06T18:34:59.000Z,127.0,3687.030029296875,151,2.3889999389648438,84
300,2020-07-06T18:35:05.000Z,127.19999694824219,3704.080078125,151,2.4260001182556152,83
301,2020-07-06T18:35:08.000Z,127.5999984741211,3713.5400390625,152,2.434999942779541,83
302,2020-07-06T18:35:11.000Z,127.5999984741211,3720.179931640625,151,2.4260001182556152,81
303,2020-07-06T18:35:21.000Z,127.5999984741211,3740.7900390625,153,2.369999885559082,88
304,2020-07-06T18:35:27.000Z,128.0,3759.81005859375,150,2.6689999103546143,89
305,2020-07-06T18:35:30.000Z,128.39999389648438,3770.27001953125,149,2.7809998989105225,88
306,2020-07-06T18:35:37.000Z,128.60000610351562,3792.7099609375,148,2.9860000610351562,90
307,2020-07-06T18:35:39.000Z,128.60000610351562,3798.239990234375,152,2.9670000076293945,87
308,2020-07-06T18:35:42.000Z,128.60000610351562,3806.919921875,155,2.9760000705718994,86
309,2020-07-06T18:35:46.000Z,128.8000030517578,3817.27001953125,151,2.930000066757202,86
310,2020-07-06T18:35:48.000Z,128.8000030517578,3822.679931640625,154,2.9019999504089355,86
311,2020-07-06T18:35:54.000Z,129.39999389648438,3838.669921875,155,2.882999897003174,86
312,2020-07-06T18:36:02.000Z,129.60000610351562,3860.3701171875,156,2.8929998874664307,87
313,2020-07-06T18:36:10.000Z,129.60000610351562,3882.06005859375,155,2.8929998874664307,87
314,2020-07-06T18:36:18.000Z,129.60000610351562,3902.610107421875,154,2.865000009536743,85
315,2020-07-06T18:36:26.000Z,129.60000610351562,3923.1201171875,152,2.818000078201294,86
316,2020-07-06T18:36:35.000Z,130.39999389648438,3945.300048828125,150,2.7249999046325684,86
317,2020-07-06T18:36:40.000Z,130.60000610351562,3956.89990234375,153,2.677999973297119,83
318,2020-07-06T18:36:45.000Z,130.8000030517578,3969.56005859375,152,2.6589999198913574,87
319,2020-07-06T18:36:49.000Z,131.1999969482422,3978.81005859375,153,2.63100004196167,86
320,2020-07-06T18:36:56.000Z,131.60000610351562,3998.199951171875,152,2.63100004196167,90
321,2020-07-06T18:36:57.000Z,131.60000610351562,4001.1201171875,152,2.63100004196167,91
322,2020-07-06T18:37:04.000Z,132.39999389648438,4021.18994140625,154,2.6589999198913574,87
323,2020-07-06T18:37:05.000Z,132.60000610351562,4023.9599609375,150,2.6589999198913574,87
324,2020-07-06T18:37:13.000Z,133.39999389648438,4045.27001953125,152,2.63100004196167,86
325,2020-07-06T18:37:15.000Z,133.60000610351562,4050.5,153,2.63100004196167,85
326,2020-07-06T18:37:16.000Z,133.8000030517578,4053.010009765625,159,2.63100004196167,85
327,2020-07-06T18:37:17.000Z,133.8000030517578,4055.639892578125,159,2.63100004196167,86
328,2020-07-06T18:37:25.000Z,134.8000030517578,4076.39990234375,160,2.63100004196167,85
329,2020-07-06T18:37:36.000Z,135.1999969482422,4098.47998046875,158,2.444999933242798,86
330,2020-07-06T18:37:43.000Z,135.39999389648438,4118.830078125,159,2.5850000381469727,87
331,2020-07-06T18:37:44.000Z,135.39999389648438,4121.1201171875,159,2.556999921798706,87
332,2020-07-06T18:37:50.000Z,135.0,4140.1298828125,155,2.687000036239624,86
333,2020-07-06T18:37:57.000Z,134.1999969482422,4160.39990234375,154,2.753000020980835,85
334,2020-07-06T18:38:04.000Z,133.60000610351562,4179.06982421875,153,2.7060000896453857,85
335,2020-07-06T18:38:11.000Z,133.0,4199.64013671875,156,2.743000030517578,87
336,2020-07-06T18:38:15.000Z,132.60000610351562,4208.66015625,155,2.7249999046325684,86
337,2020-07-06T18:38:20.000Z,131.60000610351562,4218.0498046875,154,2.6500000953674316,91
338,2020-07-06T18:38:26.000Z,131.1999969482422,4238.1298828125,152,3.1440000534057617,86
339,2020-07-06T18:38:31.000Z,130.39999389648438,4255.7900390625,153,3.0510001182556152,87
340,2020-07-06T18:38:38.000Z,129.60000610351562,4277.72021484375,153,2.9860000610351562,87
341,2020-07-06T18:38:40.000Z,129.39999389648438,4282.64990234375,153,2.882999897003174,87
342,2020-07-06T18:38:48.000Z,128.8000030517578,4304.259765625,150,2.7339999675750732,86
343,2020-07-06T18:38:50.000Z,128.8000030517578,4307.2900390625,148,2.6410000324249268,83
344,2020-07-06T18:38:56.000Z,128.39999389648438,4322.4501953125,147,2.575000047683716,83
345,2020-07-06T18:39:04.000Z,128.0,4345.22021484375,145,2.5940001010894775,83
346,2020-07-06T18:39:10.000Z,127.5999984741211,4365.47998046875,143,2.8369998931884766,85
347,2020-07-06T18:39:18.000Z,127.4000015258789,4384.3701171875,148,2.7249999046325684,85
348,2020-07-06T18:39:19.000Z,127.5999984741211,4385.4501953125,148,2.697000026702881,84
349,2020-07-06T18:39:22.000Z,127.4000015258789,4390.43017578125,146,2.5190000534057617,87
350,2020-07-06T18:39:25.000Z,127.19999694824219,4397.8798828125,146,2.444999933242798,84
351,2020-07-06T18:39:34.000Z,126.19999694824219,4419.85009765625,145,2.4539999961853027,87
352,2020-07-06T18:39:40.000Z,125.19999694824219,4435.66015625,143,2.444999933242798,86
353,2020-07-06T18:39:44.000Z,124.19999694824219,4445.8798828125,143,2.4730000495910645,89
354,2020-07-06T18:39:47.000Z,123.0,4452.83984375,144,2.4730000495910645,85
355,2020-07-06T18:39:53.000Z,121.80000305175781,4468.66015625,144,2.4630000591278076,88
356,2020-07-06T18:39:56.000Z,120.80000305175781,4476.66015625,146,2.509999990463257,93
357,2020-07-06T18:40:03.000Z,119.80000305175781,4492.6298828125,146,2.4730000495910645,90
358,2020-07-06T18:40:04.000Z,119.5999984741211,4494.2099609375,146,2.444999933242798,90
359,2020-07-06T18:40:07.000Z,118.19999694824219,4501.2998046875,147,2.4260001182556152,88
360,2020-07-06T18:40:10.000Z,117.0,4509.60986328125,144,2.4260001182556152,89
361,2020-07-06T18:40:14.000Z,115.80000305175781,4522.35009765625,142,2.4730000495910645,91
362,2020-07-06T18:40:19.000Z,114.5999984741211,4538.7900390625,144,2.61299991607666,92
363,2020-07-06T18:40:22.000Z,113.5999984741211,4546.9599609375,144,2.63100004196167,92
364,2020-07-06T18:40:25.000Z,113.0,4558.56982421875,141,2.8269999027252197,88
365,2020-07-06T18:40:28.000Z,112.4000015258789,4569.8798828125,142,3.0230000019073486,87
366,2020-07-06T18:40:31.000Z,111.0,4578.33984375,142,2.9670000076293945,88
367,2020-07-06T18:40:36.000Z,110.0,4591.25,143,2.818000078201294,87
368,2020-07-06T18:40:41.000Z,108.80000305175781,4605.47021484375,140,2.809000015258789,90
369,2020-07-06T18:40:45.000Z,107.80000305175781,4626.22021484375,140,2.9760000705718994,93
370,2020-07-06T18:40:46.000Z,107.80000305175781,4630.14990234375,139,2.9860000610351562,93
371,2020-07-06T18:40:52.000Z,106.80000305175781,4652.47021484375,137,3.2100000381469727,88
372,2020-07-06T18:40:54.000Z,106.80000305175781,4658.77001953125,137,3.2100000381469727,88
373,2020-07-06T18:40:55.000Z,106.5999984741211,4661.5400390625,137,3.181999921798706,87
374,2020-07-06T18:40:58.000Z,106.19999694824219,4670.10009765625,140,3.1070001125335693,86
375,2020-07-06T18:41:01.000Z,105.5999984741211,4679.2900390625,138,3.1070001125335693,90
376,2020-07-06T18:41:03.000Z,105.4000015258789,4685.08984375,141,3.0980000495910645,90
377,2020-07-06T18:41:05.000Z,104.80000305175781,4690.7001953125,138,3.059999942779541,89
378,2020-07-06T18:41:06.000Z,104.5999984741211,4693.93017578125,138,3.059999942779541,87
379,2020-07-06T18:41:07.000Z,104.4000015258789,4697.240234375,144,3.059999942779541,87
380,2020-07-06T18:41:08.000Z,104.19999694824219,4700.509765625,143,3.0789999961853027,88
381,2020-07-06T18:41:16.000Z,103.5999984741211,4720.27001953125,140,2.947999954223633,88
382,2020-07-06T18:41:17.000Z,103.4000015258789,4722.9599609375,141,2.938999891281128,88
383,2020-07-06T18:41:23.000Z,103.0,4739.81005859375,144,2.8369998931884766,88
384,2020-07-06T18:41:30.000Z,102.80000305175781,4757.72021484375,144,2.697000026702881,87
385,2020-07-06T18:41:39.000Z,102.5999984741211,4779.02001953125,141,2.565999984741211,85
386,2020-07-06T18:41:44.000Z,102.19999694824219,4792.72021484375,141,2.5940001010894775,86
387,2020-07-06T18:41:47.000Z,101.80000305175781,4800.2998046875,145,2.6029999256134033,85
388,2020-07-06T18:41:55.000Z,101.5999984741211,4822.2998046875,146,2.5940001010894775,86
389,2020-07-06T18:42:00.000Z,101.19999694824219,4839.080078125,144,2.621999979019165,84
390,2020-07-06T18:42:06.000Z,100.80000305175781,4859.27001953125,145,2.818000078201294,86
391,2020-07-06T18:42:13.000Z,101.0,4879.990234375,147,2.874000072479248,88
392,2020-07-06T18:42:17.000Z,101.0,4890.52001953125,144,2.8369998931884766,88
393,2020-07-06T18:42:21.000Z,100.80000305175781,4900.72021484375,147,2.753000020980835,85
394,2020-07-06T18:42:30.000Z,101.0,4922.18017578125,146,2.6589999198913574,88
395,2020-07-06T18:42:36.000Z,100.80000305175781,4943.25,147,2.7060000896453857,87
396,2020-07-06T18:42:44.000Z,100.4000015258789,4963.64013671875,148,2.697000026702881,85
397,2020-07-06T18:42:47.000Z,100.19999694824219,4971.740234375,149,2.687000036239624,86
398,2020-07-06T18:42:50.000Z,100.0,4979.0400390625,152,2.697000026702881,86
399,2020-07-06T18:42:51.000Z,100.19999694824219,4981.27001953125,155,2.677999973297119,86
400,2020-07-06T18:42:52.000Z,100.0,4983.2998046875,155,2.6689999103546143,86
401,2020-07-06T18:43:00.000Z,100.19999694824219,5000.08984375,153,2.4820001125335693,85
402,2020-07-06T18:43:07.000Z,100.0,5018.5,150,2.490999937057495,86
403,2020-07-06T18:43:14.000Z,100.80000305175781,5038.759765625,150,2.565999984741211,86
404,2020-07-06T18:43:20.000Z,100.5999984741211,5058.89013671875,150,2.7339999675750732,87
405,2020-07-06T18:43:27.000Z,100.80000305175781,5078.919921875,152,2.753000020980835,87
406,2020-07-06T18:43:32.000Z,101.19999694824219,5093.740234375,151,2.7339999675750732,84
407,2020-07-06T18:43:36.000Z,101.5999984741211,5105.43017578125,154,2.7339999675750732,86
408,2020-07-06T18:43:41.000Z,102.4000015258789,5118.60986328125,153,2.7149999141693115,84
409,2020-07-06T18:43:47.000Z,103.4000015258789,5133.259765625,155,2.6589999198913574,85
410,2020-07-06T18:43:52.000Z,104.80000305175781,5145.43017578125,157,2.621999979019165,87
411,2020-07-06T18:43:57.000Z,105.80000305175781,5157.81005859375,158,2.5940001010894775,85
412,2020-07-06T18:43:58.000Z,106.19999694824219,5159.43017578125,162,2.5290000438690186,85
413,2020-07-06T18:44:00.000Z,106.80000305175781,5162.56005859375,161,2.490999937057495,86
414,2020-07-06T18:44:01.000Z,107.0,5163.89990234375,162,2.4539999961853027,86
415,2020-07-06T18:44:05.000Z,108.0,5170.60009765625,164,2.305000066757202,85
416,2020-07-06T18:44:10.000Z,109.19999694824219,5181.72998046875,163,2.2769999504089355,84
417,2020-07-06T18:44:15.000Z,110.5999984741211,5192.81005859375,162,2.257999897003174,83
418,2020-07-06T18:44:16.000Z,110.80000305175781,5194.39990234375,166,2.239000082015991,84
419,2020-07-06T18:44:18.000Z,111.19999694824219,5199.47021484375,170,2.239000082015991,85
420,2020-07-06T18:44:19.000Z,111.5999984741211,5201.97021484375,171,2.239000082015991,85
421,2020-07-06T18:44:26.000Z,112.80000305175781,5219.31005859375,170,2.2300000190734863,82
422,2020-07-06T18:44:31.000Z,114.0,5233.7099609375,172,2.2950000762939453,85
423,2020-07-06T18:44:37.000Z,115.19999694824219,5248.60009765625,171,2.305000066757202,83
424,2020-07-06T18:44:41.000Z,116.19999694824219,5257.31982421875,170,2.2950000762939453,82
425,2020-07-06T18:44:45.000Z,117.19999694824219,5264.89990234375,169,2.249000072479248,84
426,2020-07-06T18:44:50.000Z,118.19999694824219,5273.5400390625,168,2.1740000247955322,83
427,2020-07-06T18:44:55.000Z,119.4000015258789,5281.66015625,167,2.0429999828338623,82
428,2020-07-06T18:45:00.000Z,120.5999984741211,5292.77001953125,166,1.996999979019165,84
429,2020-07-06T18:45:06.000Z,121.5999984741211,5308.58984375,168,2.127000093460083,83
430,2020-07-06T18:45:12.000Z,122.5999984741211,5321.27978515625,172,2.0899999141693115,83
431,2020-07-06T18:45:13.000Z,123.0,5323.68994140625,175,2.1089999675750732,83
432,2020-07-06T18:45:14.000Z,123.19999694824219,5326.2900390625,178,2.118000030517578,82
433,2020-07-06T18:45:17.000Z,123.5999984741211,5333.25,175,2.1459999084472656,84
434,2020-07-06T18:45:18.000Z,123.80000305175781,5335.6298828125,174,2.1549999713897705,84
435,2020-07-06T18:45:23.000Z,124.4000015258789,5347.02001953125,173,2.193000078201294,83
436,2020-07-06T18:45:28.000Z,124.80000305175781,5358.1298828125,176,2.183000087738037,84
437,2020-07-06T18:45:29.000Z,124.80000305175781,5360.52978515625,176,2.193000078201294,85
438,2020-07-06T18:45:38.000Z,125.5999984741211,5383.10009765625,174,2.2300000190734863,83
439,2020-07-06T18:45:40.000Z,126.0,5388.22998046875,175,2.249000072479248,85
440,2020-07-06T18:45:49.000Z,126.80000305175781,5409.97021484375,175,2.2950000762939453,85
441,2020-07-06T18:45:51.000Z,127.0,5414.89990234375,175,2.305000066757202,85
442,2020-07-06T18:45:53.000Z,127.19999694824219,5419.3798828125,172,2.313999891281128,85
443,2020-07-06T18:46:02.000Z,127.4000015258789,5441.56982421875,169,2.3420000076293945,85
444,2020-07-06T18:46:03.000Z,127.4000015258789,5443.6201171875,166,2.3420000076293945,84
445,2020-07-06T18:46:12.000Z,127.5999984741211,5463.990234375,166,2.3329999446868896,85
446,2020-07-06T18:46:19.000Z,126.80000305175781,5485.18994140625,167,2.500999927520752,84
447,2020-07-06T18:46:26.000Z,127.0,5505.4501953125,167,2.6029999256134033,84
448,2020-07-06T18:46:27.000Z,127.0,5507.3798828125,163,2.5850000381469727,84
449,2020-07-06T18:46:28.000Z,127.0,5508.990234375,160,2.546999931335449,86
450,2020-07-06T18:46:37.000Z,127.5999984741211,5530.68017578125,158,2.575000047683716,85
451,2020-07-06T18:46:41.000Z,128.0,5541.56982421875,160,2.6029999256134033,87
452,2020-07-06T18:46:48.000Z,128.0,5561.75,160,2.687000036239624,86
453,2020-07-06T18:46:52.000Z,128.1999969482422,5572.7099609375,157,2.7249999046325684,88
454,2020-07-06T18:47:00.000Z,128.0,5594.9501953125,157,2.7990000247955322,85
455,2020-07-06T18:47:03.000Z,128.1999969482422,5603.0,158,2.809000015258789,85
456,2020-07-06T18:47:11.000Z,128.1999969482422,5623.0498046875,156,2.76200008392334,87
457,2020-07-06T18:47:13.000Z,128.1999969482422,5628.509765625,159,2.76200008392334,87
458,2020-07-06T18:47:21.000Z,128.0,5649.14990234375,162,2.687000036239624,85
459,2020-07-06T18:47:25.000Z,127.5999984741211,5660.490234375,159,2.7149999141693115,83
460,2020-07-06T18:47:30.000Z,127.5999984741211,5674.8798828125,156,2.76200008392334,85
461,2020-07-06T18:47:36.000Z,127.19999694824219,5689.06982421875,160,2.677999973297119,87
462,2020-07-06T18:47:40.000Z,127.4000015258789,5698.06005859375,164,2.575000047683716,83
463,2020-07-06T18:47:45.000Z,127.0,5710.830078125,164,2.565999984741211,83
464,2020-07-06T18:47:52.000Z,126.5999984741211,5726.919921875,161,2.4820001125335693,86
465,2020-07-06T18:47:57.000Z,127.0,5738.77001953125,155,2.4820001125335693,88
466,2020-07-06T18:48:03.000Z,127.4000015258789,5762.2900390625,154,2.6500000953674316,89
467,2020-07-06T18:48:06.000Z,127.19999694824219,5772.5,157,3.0320000648498535,90
468,2020-07-06T18:48:14.000Z,127.19999694824219,5794.509765625,156,2.7990000247955322,89
469,2020-07-06T18:48:21.000Z,127.19999694824219,5816.06982421875,155,2.818000078201294,87
470,2020-07-06T18:48:28.000Z,127.4000015258789,5837.64990234375,156,2.882999897003174,86
471,2020-07-06T18:48:37.000Z,127.4000015258789,5859.08984375,156,2.753000020980835,86
472,2020-07-06T18:48:44.000Z,127.0,5876.25,150,2.6689999103546143,88
473,2020-07-06T18:48:46.000Z,126.5999984741211,5880.4599609375,153,2.63100004196167,89
474,2020-07-06T18:48:47.000Z,126.5999984741211,5882.7998046875,158,2.61299991607666,89
475,2020-07-06T18:48:48.000Z,126.4000015258789,5885.5400390625,161,2.61299991607666,89
476,2020-07-06T18:48:49.000Z,126.5999984741211,5888.1298828125,166,2.61299991607666,89
477,2020-07-06T18:48:50.000Z,126.4000015258789,5890.39990234375,171,2.61299991607666,89
478,2020-07-06T18:48:51.000Z,126.5999984741211,5893.47998046875,176,2.61299991607666,88
479,2020-07-06T18:48:52.000Z,126.80000305175781,5896.68017578125,176,2.61299991607666,86
480,2020-07-06T18:48:56.000Z,127.0,5908.419921875,173,2.687000036239624,86
481,2020-07-06T18:49:01.000Z,126.80000305175781,5924.47998046875,170,2.76200008392334,86
482,2020-07-06T18:49:02.000Z,126.80000305175781,5927.330078125,167,2.7709999084472656,86
483,2020-07-06T18:49:06.000Z,126.5999984741211,5937.080078125,164,2.743000030517578,88
484,2020-07-06T18:49:07.000Z,126.5999984741211,5939.759765625,160,2.7339999675750732,88
485,2020-07-06T18:49:08.000Z,126.5999984741211,5942.16015625,154,2.7249999046325684,88
486,2020-07-06T18:49:09.000Z,126.5999984741211,5944.919921875,155,2.7149999141693115,88
487,2020-07-06T18:49:16.000Z,127.0,5961.2099609375,155,2.6589999198913574,88
488,2020-07-06T18:49:24.000Z,127.4000015258789,5982.4599609375,154,2.5850000381469727,86
489,2020-07-06T18:49:26.000Z,127.4000015258789,5987.22998046875,151,2.509999990463257,85
490,2020-07-06T18:49:30.000Z,127.4000015258789,5999.56982421875,154,2.575000047683716,80
491,2020-07-06T18:49:31.000Z,127.4000015258789,6002.56005859375,155,2.6029999256134033,80
492,2020-07-06T18:49:38.000Z,127.0,6021.509765625,152,2.63100004196167,87
493,2020-07-06T18:49:44.000Z,127.19999694824219,6042.22998046875,153,2.818000078201294,86
494,2020-07-06T18:49:51.000Z,127.0,6062.72998046875,152,2.8550000190734863,85
495,2020-07-06T18:50:00.000Z,127.19999694824219,6084.419921875,153,2.6689999103546143,84
496,2020-07-06T18:50:08.000Z,127.4000015258789,6105.68994140625,153,2.6689999103546143,88
497,2020-07-06T18:50:11.000Z,127.4000015258789,6113.93994140625,156,2.6689999103546143,85
498,2020-07-06T18:50:16.000Z,127.19999694824219,6126.990234375,154,2.7149999141693115,85
499,2020-07-06T18:50:24.000Z,127.19999694824219,6147.68017578125,154,2.7149999141693115,86
500,2020-07-06T18:50:32.000Z,127.0,6168.83984375,154,2.7149999141693115,84
501,2020-07-06T18:50:39.000Z,126.5999984741211,6190.080078125,152,2.7899999618530273,87
502,2020-07-06T18:50:44.000Z,126.0,6205.3798828125,153,2.8459999561309814,87
503,2020-07-06T18:50:51.000Z,125.0,6225.89013671875,153,2.882999897003174,86
504,2020-07-06T18:50:56.000Z,125.5999984741211,6238.6201171875,150,2.865000009536743,85
505,2020-07-06T18:50:59.000Z,125.5999984741211,6246.60986328125,153,2.8269999027252197,84
506,2020-07-06T18:51:08.000Z,125.19999694824219,6268.85009765625,153,2.7709999084472656,82
507,2020-07-06T18:51:16.000Z,125.5999984741211,6291.7900390625,153,2.753000020980835,84
508,2020-07-06T18:51:23.000Z,125.4000015258789,6313.52978515625,152,2.7990000247955322,82
509,2020-07-06T18:51:31.000Z,125.80000305175781,6333.81005859375,152,2.76200008392334,84
510,2020-07-06T18:51:37.000Z,126.0,6341.2900390625,151,1.184999942779541,59
511,2020-07-06T18:51:39.000Z,125.80000305175781,6343.02001953125,151,1.184999942779541,59
512,2020-07-06T18:51:44.000Z,125.5999984741211,6349.10986328125,149,1.2879999876022339,59
,,,,,,
